Format Type	Name	Material	Item path	Engram name	Replaced item path	Replaced engram name
Elevators	Large Elevator Platform		/Game/Mods/StructuresPlusMod/Misc/Elevators/Platforms/Large/PrimalItemStructure_ElevatorPlatform_Large.PrimalItemStructure_ElevatorPlatform_Large	EngramEntry_ElevatorPlatform_Large	/Game/PrimalEarth/CoreBlueprints/Items/Structures/BuildingBases/PrimalItemStructure_ElevatorPlatformLarge.PrimalItemStructure_ElevatorPlatformLarge	EngramEntry_ElevatorPlatformLarge
Elevators	Small Elevator Platform		/Game/Mods/StructuresPlusMod/Misc/Elevators/Platforms/Small/PrimalItemStructure_ElevatorPlatform_Small.PrimalItemStructure_ElevatorPlatform_Small	EngramEntry_ElevatorPlatform_Small	/Game/PrimalEarth/CoreBlueprints/Items/Structures/BuildingBases/PrimalItemStructure_ElevatorPlatformSmall.PrimalItemStructure_ElevatorPlatformSmall	EngramEntry_ElevatorPlatformSmall
Elevators	Medium Elevator Platform		/Game/Mods/StructuresPlusMod/Misc/Elevators/Platforms/Medium/PrimalItemStructure_ElevatorPlatform_Medium.PrimalItemStructure_ElevatorPlatform_Medium	EngramEntry_ElevatorPlatform_Medium	/Game/PrimalEarth/CoreBlueprints/Items/Structures/BuildingBases/PrimalItemStructure_ElevatorPlatfromMedium.PrimalItemStructure_ElevatorPlatfromMedium	EngramEntry_ElevatorPlatformMedium
Misc	Tek Cloning Chamber		/Game/Mods/StructuresPlusMod/Misc/CloningChamber/PrimalItemStructure_CloningChamberPlus.PrimalItemStructure_CloningChamberPlus	EngramEntry_CloningChamberPlus	/Game/PrimalEarth/CoreBlueprints/Items/Structures/BuildingBases/PrimalItemStructure_TekCloningChamber.PrimalItemStructure_TekCloningChamber	EngramEntry_TekCloningChamber
Underwater	Vacuum Compartment		/Game/Mods/StructuresPlusMod/Structures/Underwater/Underwater_Cube/PrimalItemStructure_Underwater_Cube.PrimalItemStructure_Underwater_Cube	EngramEntry_Underwater_Cube	/Game/PrimalEarth/CoreBlueprints/Items/Structures/BuildingBases/PrimalItemStructure_UnderwaterBase.PrimalItemStructure_UnderwaterBase	EngramEntry_TekUnderwaterBase
Buildings	Ceilings	Greenhouse	/Game/Mods/StructuresPlusMod/Structures/Ceilings/Square/Greenhouse/PrimalItemStructure_Ceiling_Greenhouse.PrimalItemStructure_Ceiling_Greenhouse	EngramEntry_Ceiling_Greenhouse	/Game/PrimalEarth/CoreBlueprints/Items/Structures/Greenhouse/PrimalItemStructure_GreenhouseCeiling.PrimalItemStructure_GreenhouseCeiling	EngramEntry_GreenhouseCeiling
Buildings	Roofs	Greenhouse	/Game/Mods/StructuresPlusMod/Structures/Roofs/Greenhouse/PrimalItemStructure_Roof_Greenhouse.PrimalItemStructure_Roof_Greenhouse	EngramEntry_Roof_Greenhouse	/Game/PrimalEarth/CoreBlueprints/Items/Structures/Greenhouse/PrimalItemStructure_GreenhouseRoof.PrimalItemStructure_GreenhouseRoof	EngramEntry_GreenhouseRoof
Buildings	Walls	Greenhouse	/Game/Mods/StructuresPlusMod/Structures/Walls/Greenhouse/PrimalItemStructure_Wall_Greenhouse.PrimalItemStructure_Wall_Greenhouse	EngramEntry_Wall_Greenhouse	/Game/PrimalEarth/CoreBlueprints/Items/Structures/Greenhouse/PrimalItemStructure_GreenhouseWall.PrimalItemStructure_GreenhouseWall	EngramEntry_GreenhouseWall
Buildings	Sloped Walls Right	Greenhouse	/Game/Mods/StructuresPlusMod/Structures/SlopedWalls/Right/Greenhouse/PrimalItemStructure_SlopedWall_Greenhouse_Right.PrimalItemStructure_SlopedWall_Greenhouse_Right	EngramEntry_SlopedWall_Greenhouse_Right	/Game/PrimalEarth/CoreBlueprints/Items/Structures/Greenhouse/PrimalItemStructure_GreenhouseWall_Sloped_Right.PrimalItemStructure_GreenhouseWall_Sloped_Right	EngramEntry_GreenhouseSlopedWall_Right
Buildings	Windows	Greenhouse	/Game/Mods/StructuresPlusMod/Doors/Windows/Greenhouse/PrimalItemStructure_Window_Greenhouse.PrimalItemStructure_Window_Greenhouse	EngramEntry_Window_Greenhouse	/Game/PrimalEarth/CoreBlueprints/Items/Structures/Greenhouse/PrimalItemStructure_GreenhouseWindow.PrimalItemStructure_GreenhouseWindow	EngramEntry_GreenhouseWindow
Buildings	Hatchframes	Metal	/Game/Mods/StructuresPlusMod/Structures/HatchFrames/Metal/PrimalItemStructure_Hatchframe_Metal.PrimalItemStructure_Hatchframe_Metal	EngramEntry_Hatchframe_Metal	/Game/PrimalEarth/CoreBlueprints/Items/Structures/Metal/PrimalItemStructure_MetalCeilingWithTrapdoor.PrimalItemStructure_MetalCeilingWithTrapdoor	EngramEntry_MetalCeilingWithTrapdoor
Buildings	Large Hatchframes	Metal	/Game/Mods/StructuresPlusMod/Structures/HatchFrames_L/Metal/PrimalItemStructure_LargeHatchframe_Metal.PrimalItemStructure_LargeHatchframe_Metal	EngramEntry_LargeHatchframe_Metal	/Game/PrimalEarth/CoreBlueprints/Items/Structures/Metal/PrimalItemStructure_MetalCeilingWithTrapdoorGiant.PrimalItemStructure_MetalCeilingWithTrapdoorGiant	EngramEntry_MetalCeilingWithTrapdoorGiant
Buildings	Doors	Metal	/Game/Mods/StructuresPlusMod/Doors/Doors/Metal/PrimalItemStructure_Door_Metal.PrimalItemStructure_Door_Metal	EngramEntry_Door_Metal	/Game/PrimalEarth/CoreBlueprints/Items/Structures/Metal/PrimalItemStructure_MetalDoor.PrimalItemStructure_MetalDoor	EngramEntry_MetalDoor
Buildings	Foundations	Metal	/Game/Mods/StructuresPlusMod/Structures/Foundations/Square/Metal/PrimalItemStructure_Foundation_Metal.PrimalItemStructure_Foundation_Metal	EngramEntry_Foundation_Metal	/Game/PrimalEarth/CoreBlueprints/Items/Structures/Metal/PrimalItemStructure_MetalFloor.PrimalItemStructure_MetalFloor	EngramEntry_MetalFloor
Buildings	Small Gates	Metal	/Game/Mods/StructuresPlusMod/Doors/Gates/Small/Metal/PrimalItemStructure_Gate_Metal.PrimalItemStructure_Gate_Metal	EngramEntry_Gate_Metal	/Game/PrimalEarth/CoreBlueprints/Items/Structures/Metal/PrimalItemStructure_MetalGate.PrimalItemStructure_MetalGate	EngramEntry_MetalGate
Buildings	Spike Walls	Metal	/Game/Mods/StructuresPlusMod/Misc/SpikeWall/Metal/PrimalItemStructure_SpikeWall_Metal.PrimalItemStructure_SpikeWall_Metal	EngramEntry_SpikeWall_Metal	/Game/PrimalEarth/CoreBlueprints/Items/Structures/Metal/PrimalItemStructure_MetalSpikeWall.PrimalItemStructure_MetalSpikeWall	EngramEntry_MetalSpikeWall
Buildings	Staircases	Metal	/Game/Mods/StructuresPlusMod/Structures/Staircases/Metal/PrimalItemStructure_Staircase_Metal.PrimalItemStructure_Staircase_Metal	EngramEntry_Staircase_Metal	/Game/PrimalEarth/CoreBlueprints/Items/Structures/Metal/PrimalItemStructure_MetalStairs.PrimalItemStructure_MetalStairs	EngramEntry_MetalStairs
Buildings	Trapdoors	Metal	/Game/Mods/StructuresPlusMod/Doors/Trapdoors/Metal/PrimalItemStructure_Trapdoor_Metal.PrimalItemStructure_Trapdoor_Metal	EngramEntry_Trapdoor_Metal	/Game/PrimalEarth/CoreBlueprints/Items/Structures/Metal/PrimalItemStructure_MetalTrapdoor.PrimalItemStructure_MetalTrapdoor	EngramEntry_MetalTrapdoor
Buildings	Walls	Metal	/Game/Mods/StructuresPlusMod/Structures/Walls/Metal/PrimalItemStructure_Wall_Metal.PrimalItemStructure_Wall_Metal	EngramEntry_Wall_Metal	/Game/PrimalEarth/CoreBlueprints/Items/Structures/Metal/PrimalItemStructure_MetalWall.PrimalItemStructure_MetalWall	EngramEntry_MetalWall
Buildings	Doorframes	Metal	/Game/Mods/StructuresPlusMod/Structures/Doorframes/Metal/PrimalItemStructure_Doorframe_Metal.PrimalItemStructure_Doorframe_Metal	EngramEntry_Doorframe_Metal	/Game/PrimalEarth/CoreBlueprints/Items/Structures/Metal/PrimalItemStructure_MetalWallWithDoor.PrimalItemStructure_MetalWallWithDoor	EngramEntry_MetalWallWithDoor
Buildings	Windows	Metal	/Game/Mods/StructuresPlusMod/Doors/Windows/Metal/PrimalItemStructure_Window_Metal.PrimalItemStructure_Window_Metal	EngramEntry_Window_Metal	/Game/PrimalEarth/CoreBlueprints/Items/Structures/Metal/PrimalItemStructure_MetalWindow.PrimalItemStructure_MetalWindow	EngramEntry_MetalWindow
Misc	Air Conditioner		/Game/Mods/StructuresPlusMod/Misc/AC/PrimalItemStructure_AirConditionerPlus.PrimalItemStructure_AirConditionerPlus	EngramEntry_AirConditionerPlus	/Game/PrimalEarth/CoreBlueprints/Items/Structures/Misc/PrimalItemStructure_AirConditioner.PrimalItemStructure_AirConditioner	EngramEntry_AirConditioner
Misc	Bunk Bed		/Game/Mods/StructuresPlusMod/Misc/BedBunk/PrimalItemStructure_BunkBedPlus.PrimalItemStructure_BunkBedPlus	EngramEntry_BunkBedPlus	/Game/PrimalEarth/CoreBlueprints/Items/Structures/Misc/PrimalItemStructure_Bed_Modern.PrimalItemStructure_Bed_Modern	EngramEntry_ModernBed
Crop Plots	Large Crop Plot		/Game/Mods/StructuresPlusMod/CropPlots/Large/PrimalItemStructure_CropPlotPlus_Large.PrimalItemStructure_CropPlotPlus_Large	EngramEntry_CropPlotPlus_Large	/Game/PrimalEarth/CoreBlueprints/Items/Structures/Misc/PrimalItemStructure_CropPlot_Large.PrimalItemStructure_CropPlot_Large	EngramEntry_CropPlot_Large
Misc	Feeding Trough		/Game/Mods/StructuresPlusMod/Misc/FeedingTrough/PrimalItemStructure_FeedingTroughPlus.PrimalItemStructure_FeedingTroughPlus	EngramEntry_FeedingTroughPlus	/Game/PrimalEarth/CoreBlueprints/Items/Structures/Misc/PrimalItemStructure_FeedingTrough.PrimalItemStructure_FeedingTrough	EngramEntry_FeedingTrough
Crafting	Fireplace		/Game/Mods/StructuresPlusMod/Crafting/Fireplace/PrimalItemStructure_FireplacePlus.PrimalItemStructure_FireplacePlus	EngramEntry_FireplacePlus	/Game/PrimalEarth/CoreBlueprints/Items/Structures/Misc/PrimalItemStructure_Fireplace.PrimalItemStructure_Fireplace	EngramEntry_Fireplace
Crafting	Grill		/Game/Mods/StructuresPlusMod/Misc/IndustrialGrill/PrimalItemStructure_IndustrialGrill.PrimalItemStructure_IndustrialGrill	EngramEntry_IndustrialGrillPlus	/Game/PrimalEarth/CoreBlueprints/Items/Structures/Misc/PrimalItemStructure_Grill.PrimalItemStructure_Grill	EngramEntry_Grill
Crafting	Grinder		/Game/Mods/StructuresPlusMod/Misc/IndustrialGrinder/PrimalItemStructure_GrinderPlus.PrimalItemStructure_GrinderPlus	EngramEntry_GrinderPlus	/Game/PrimalEarth/CoreBlueprints/Items/Structures/Misc/PrimalItemStructure_Grinder.PrimalItemStructure_Grinder	EngramEntry_Grinder
Misc	Refrigerator		/Game/Mods/StructuresPlusMod/Misc/Fridge/PrimalItemStructure_FridgePlus.PrimalItemStructure_FridgePlus	EngramEntry_FridgePlus	/Game/PrimalEarth/CoreBlueprints/Items/Structures/Misc/PrimalItemStructure_IceBox.PrimalItemStructure_IceBox	EngramEntry_IceBox
Crafting	Industrial Cooker		/Game/Mods/StructuresPlusMod/Misc/IndustrialCookingPot/PrimalItemStructure_IndustrialCooker.PrimalItemStructure_IndustrialCooker	EngramEntry_IndustrialCooker	/Game/PrimalEarth/CoreBlueprints/Items/Structures/Misc/PrimalItemStructure_IndustrialCookingPot.PrimalItemStructure_IndustrialCookingPot	EngramEntry_IndustrialCookingPot
Crafting	Preserving Bin		/Game/Mods/StructuresPlusMod/Crafting/PreservingBin/PrimalItemStructure_PreservingBinPlus.PrimalItemStructure_PreservingBinPlus	EngramEntry_PreservingBinPlus	/Game/PrimalEarth/CoreBlueprints/Items/Structures/Misc/PrimalItemStructure_PreservingBin.PrimalItemStructure_PreservingBin	EngramEntry_PreservingBin
Storage	Vault		/Game/Mods/StructuresPlusMod/Misc/Vault/PrimalItemStructure_VaultPlus.PrimalItemStructure_VaultPlus	EngramEntry_VaultPlus	/Game/PrimalEarth/CoreBlueprints/Items/Structures/Misc/PrimalItemStructure_StorageBox_Huge.PrimalItemStructure_StorageBox_Huge	EngramEntry_StorageBox_Huge
Electric	Tek Generator		/Game/Mods/StructuresPlusMod/Misc/GeneratorTek/PrimalItemStructure_GeneratorTek.PrimalItemStructure_GeneratorTek	EngramEntry_GeneratorTek	/Game/PrimalEarth/CoreBlueprints/Items/Structures/Misc/PrimalItemStructure_TekGenerator.PrimalItemStructure_TekGenerator	EngramEntry_TekGenerator
Crafting	Tek Replicator		/Game/Mods/StructuresPlusMod/Crafting/Replicator/PrimalItemStructure_ReplicatorPlus.PrimalItemStructure_ReplicatorPlus	EngramEntry_ReplicatorPlus	/Game/PrimalEarth/CoreBlueprints/Items/Structures/Misc/PrimalItemStructure_TekReplicator.PrimalItemStructure_TekReplicator	EngramEntry_TekReplicator
Misc	Tek Teleporter		/Game/Mods/StructuresPlusMod/Misc/Teleporter/PrimalItemStructure_TeleporterPlus.PrimalItemStructure_TeleporterPlus	EngramEntry_TeleporterPlus	/Game/PrimalEarth/CoreBlueprints/Items/Structures/Misc/PrimalItemStructure_TekTeleporter.PrimalItemStructure_TekTeleporter	EngramEntry_TekTeleporter
Misc	Tek Transmitter		/Game/Mods/StructuresPlusMod/Misc/Transmitter/PrimalItemStructure_TransmitterPlus.PrimalItemStructure_TransmitterPlus	EngramEntry_TransmitterPlus	/Game/PrimalEarth/CoreBlueprints/Items/Structures/Misc/PrimalItemStructure_TekTransmitter.PrimalItemStructure_TekTransmitter	EngramEntry_TekTransmitter
Misc	Auto Turret		/Game/Mods/StructuresPlusMod/Misc/AutoTurret/PrimalItemStructure_AutoTurret.PrimalItemStructure_AutoTurret	EngramEntry_AutoTurret	/Game/PrimalEarth/CoreBlueprints/Items/Structures/Misc/PrimalItemStructure_Turret.PrimalItemStructure_Turret	EngramEntry_Turret
Misc	Tek Auto Turret		/Game/Mods/StructuresPlusMod/Misc/AutoTurretTek/PrimalItemStructure_AutoTurretTek.PrimalItemStructure_AutoTurretTek	EngramEntry_AutoTurretTek	/Game/PrimalEarth/CoreBlueprints/Items/Structures/Misc/PrimalItemStructure_TurretTek.PrimalItemStructure_TurretTek	EngramEntry_TurretTek
Pipes	Intersection Pipe	Metal	/Game/Mods/StructuresPlusMod/Pipes/Intersection/Metal/PrimalItemStructure_PipeIntersection_Metal.PrimalItemStructure_PipeIntersection_Metal	EngramEntry_PipeIntersection_Metal	/Game/PrimalEarth/CoreBlueprints/Items/Structures/Pipes/PrimalItemStructure_MetalPipeIntersection.PrimalItemStructure_MetalPipeIntersection	EngramEntry_MetalPipeIntersection
Pipes	Water Tap	Metal	/Game/Mods/StructuresPlusMod/Pipes/Tap/Metal/PrimalItemStructure_WaterTap_Metal.PrimalItemStructure_WaterTap_Metal	EngramEntry_WaterTap_Metal	/Game/PrimalEarth/CoreBlueprints/Items/Structures/Pipes/PrimalItemStructure_MetalPipeTap.PrimalItemStructure_MetalPipeTap	EngramEntry_MetalPipeTap
Wires	Incline Wire		/Game/Mods/StructuresPlusMod/Wires/Incline/PrimalItemStructure_Wire_Incline.PrimalItemStructure_Wire_Incline	EngramEntry_Wire_Incline	/Game/PrimalEarth/CoreBlueprints/Items/Structures/Pipes/PrimalItemStructure_PowerCableIncline.PrimalItemStructure_PowerCableIncline	EngramEntry_PowerCableIncline
Wires	Straight Wire		/Game/Mods/StructuresPlusMod/Wires/Horizontal/PrimalItemStructure_Wire_Horizontal.PrimalItemStructure_Wire_Horizontal	EngramEntry_Wire_Horizontal	/Game/PrimalEarth/CoreBlueprints/Items/Structures/Pipes/PrimalItemStructure_PowerCableStraight.PrimalItemStructure_PowerCableStraight	EngramEntry_PowerCableStraight
Pipes	Water Tanks	Metal	/Game/Mods/StructuresPlusMod/Misc/WaterTanks/Metal/PrimalItemStructure_WaterTank_Metal.PrimalItemStructure_WaterTank_Metal	EngramEntry_WaterTank_Metal	/Game/PrimalEarth/CoreBlueprints/Items/Structures/Pipes/PrimalItemStructure_WaterTankMetal.PrimalItemStructure_WaterTankMetal	EngramEntry_WaterTankMetal
Buildings	Roofs	Metal	/Game/Mods/StructuresPlusMod/Structures/Roofs/Metal/PrimalItemStructure_Roof_Metal.PrimalItemStructure_Roof_Metal	EngramEntry_Roof_Metal	/Game/PrimalEarth/CoreBlueprints/Items/Structures/Roofs/Metal/PrimalItemStructure_MetalRoof.PrimalItemStructure_MetalRoof	EngramEntry_MetalRoof
Buildings	Sloped Walls Right	Metal	/Game/Mods/StructuresPlusMod/Structures/SlopedWalls/Right/Metal/PrimalItemStructure_SlopedWall_Metal_Right.PrimalItemStructure_SlopedWall_Metal_Right	EngramEntry_SlopedWall_Metal_Right	/Game/PrimalEarth/CoreBlueprints/Items/Structures/Roofs/Metal/PrimalItemStructure_MetalWall_Sloped_Right.PrimalItemStructure_MetalWall_Sloped_Right	EngramEntry_MetalSlopedWall_Right
Buildings	Roofs	Stone	/Game/Mods/StructuresPlusMod/Structures/Roofs/Stone/PrimalItemStructure_Roof_Stone.PrimalItemStructure_Roof_Stone	EngramEntry_Roof_Stone	/Game/PrimalEarth/CoreBlueprints/Items/Structures/Roofs/Stone/PrimalItemStructure_StoneRoof.PrimalItemStructure_StoneRoof	EngramEntry_StoneRoof
Buildings	Sloped Walls Left	Stone	/Game/Mods/StructuresPlusMod/Structures/SlopedWalls/Left/Stone/PrimalItemStructure_SlopedWall_Stone_Left.PrimalItemStructure_SlopedWall_Stone_Left	EngramEntry_SlopedWall_Stone_Left	/Game/PrimalEarth/CoreBlueprints/Items/Structures/Roofs/Stone/PrimalItemStructure_StoneWall_Sloped_Left.PrimalItemStructure_StoneWall_Sloped_Left	EngramEntry_StoneSlopedWall_Left
Buildings	Sloped Walls Left	Thatch	/Game/Mods/StructuresPlusMod/Structures/SlopedWalls/Left/Thatch/PrimalItemStructure_SlopedWall_Thatch_Left.PrimalItemStructure_SlopedWall_Thatch_Left	EngramEntry_SlopedWall_Thatch_Left	/Game/PrimalEarth/CoreBlueprints/Items/Structures/Roofs/Thatch/PrimalItemStructure_ThatchWall_Sloped_Left.PrimalItemStructure_ThatchWall_Sloped_Left	EngramEntry_ThatchSlopedWall_Left
Buildings	Sloped Walls Right	Thatch	/Game/Mods/StructuresPlusMod/Structures/SlopedWalls/Right/Thatch/PrimalItemStructure_SlopedWall_Thatch_Right.PrimalItemStructure_SlopedWall_Thatch_Right	EngramEntry_SlopedWall_Thatch_Right	/Game/PrimalEarth/CoreBlueprints/Items/Structures/Roofs/Thatch/PrimalItemStructure_ThatchWall_Sloped_Right.PrimalItemStructure_ThatchWall_Sloped_Right	EngramEntry_ThatchSlopedWall_Right
Buildings	Roofs	Wood	/Game/Mods/StructuresPlusMod/Structures/Roofs/Wood/PrimalItemStructure_Roof_Wood.PrimalItemStructure_Roof_Wood	EngramEntry_Roof_Wood	/Game/PrimalEarth/CoreBlueprints/Items/Structures/Roofs/Wood/PrimalItemStructure_WoodRoof.PrimalItemStructure_WoodRoof	EngramEntry_WoodRoof
Buildings	Sloped Walls Right	Wood	/Game/Mods/StructuresPlusMod/Structures/SlopedWalls/Right/Wood/PrimalItemStructure_SlopedWall_Wood_Right.PrimalItemStructure_SlopedWall_Wood_Right	EngramEntry_SlopedWall_Wood_Right	/Game/PrimalEarth/CoreBlueprints/Items/Structures/Roofs/Wood/PrimalItemStructure_WoodWall_Sloped_Right.PrimalItemStructure_WoodWall_Sloped_Right	EngramEntry_WoodSlopedWall_Right
Buildings	Large Trapdoors	Stone	/Game/Mods/StructuresPlusMod/Doors/Trapdoors_L/Stone/PrimalItemStructure_LargeTrapdoor_Stone.PrimalItemStructure_LargeTrapdoor_Stone	EngramEntry_LargeTrapdoor_Stone	/Game/PrimalEarth/CoreBlueprints/Items/Structures/Stone/PrimalItemStructure_StoneCeilingDoorGiant.PrimalItemStructure_StoneCeilingDoorGiant	EngramEntry_StoneTrapdoorGiant
Buildings	Hatchframes	Stone	/Game/Mods/StructuresPlusMod/Structures/HatchFrames/Stone/PrimalItemStructure_Hatchframe_Stone.PrimalItemStructure_Hatchframe_Stone	EngramEntry_Hatchframe_Stone	/Game/PrimalEarth/CoreBlueprints/Items/Structures/Stone/PrimalItemStructure_StoneCeilingWithTrapdoor.PrimalItemStructure_StoneCeilingWithTrapdoor	EngramEntry_StoneCeilingWithTrapdoor
Buildings	Fence Foundations	Stone	/Game/Mods/StructuresPlusMod/Structures/FenceFoundations/Stone/PrimalItemStructure_FenceFoundation_Stone.PrimalItemStructure_FenceFoundation_Stone	EngramEntry_FenceFoundation_Stone	/Game/PrimalEarth/CoreBlueprints/Items/Structures/Stone/PrimalItemStructure_StoneFenceFoundation.PrimalItemStructure_StoneFenceFoundation	EngramEntry_StoneFenceFoundation
Buildings	Foundations	Stone	/Game/Mods/StructuresPlusMod/Structures/Foundations/Square/Stone/PrimalItemStructure_Foundation_Stone.PrimalItemStructure_Foundation_Stone	EngramEntry_Foundation_Stone	/Game/PrimalEarth/CoreBlueprints/Items/Structures/Stone/PrimalItemStructure_StoneFloor.PrimalItemStructure_StoneFloor	EngramEntry_StoneFloor
Buildings	Small Gates	Stone	/Game/Mods/StructuresPlusMod/Doors/Gates/Small/Stone/PrimalItemStructure_Gate_Stone.PrimalItemStructure_Gate_Stone	EngramEntry_Gate_Stone	/Game/PrimalEarth/CoreBlueprints/Items/Structures/Stone/PrimalItemStructure_StoneGate.PrimalItemStructure_StoneGate	EngramEntry_StoneGate
Buildings	Small Gateways	Stone	/Game/Mods/StructuresPlusMod/Structures/Gateways/Small/Stone/PrimalItemStructure_Gateway_Stone.PrimalItemStructure_Gateway_Stone	EngramEntry_Gateway_Stone	/Game/PrimalEarth/CoreBlueprints/Items/Structures/Stone/PrimalItemStructure_StoneGateframe.PrimalItemStructure_StoneGateframe	EngramEntry_StoneGateway
Buildings	Large Gateways	Stone	/Game/Mods/StructuresPlusMod/Structures/Gateways/Large/Stone/PrimalItemStructure_LargeGateway_Stone.PrimalItemStructure_LargeGateway_Stone	EngramEntry_LargeGateway_Stone	/Game/PrimalEarth/CoreBlueprints/Items/Structures/Stone/PrimalItemStructure_StoneGateframe_Large.PrimalItemStructure_StoneGateframe_Large	EngramEntry_StoneGateway_Large
Buildings	Large Gates	Stone	/Game/Mods/StructuresPlusMod/Doors/Gates/Large/Stone/PrimalItemStructure_LargeGate_Stone.PrimalItemStructure_LargeGate_Stone	EngramEntry_LargeGate_Stone	/Game/PrimalEarth/CoreBlueprints/Items/Structures/Stone/PrimalItemStructure_StoneGateLarge.PrimalItemStructure_StoneGateLarge	EngramEntry_StoneGateLarge
Buildings	Small Pillars	Stone	/Game/Mods/StructuresPlusMod/Structures/Pillars/Small/Stone/PrimalItemStructure_SmallPillar_Stone.PrimalItemStructure_SmallPillar_Stone	EngramEntry_SmallPillar_Stone	/Game/PrimalEarth/CoreBlueprints/Items/Structures/Stone/PrimalItemStructure_StonePillar.PrimalItemStructure_StonePillar	EngramEntry_StonePillar
Buildings	Railings & Half Walls	Stone	/Game/Mods/StructuresPlusMod/Structures/Railings/Stone/PrimalItemStructure_Railing_Stone.PrimalItemStructure_Railing_Stone	EngramEntry_Railing_Stone	/Game/PrimalEarth/CoreBlueprints/Items/Structures/Stone/PrimalItemStructure_StoneRailing.PrimalItemStructure_StoneRailing	EngramEntry_StoneRailing
Buildings	Staircases	Stone	/Game/Mods/StructuresPlusMod/Structures/Staircases/Stone/PrimalItemStructure_Staircase_Stone.PrimalItemStructure_Staircase_Stone	EngramEntry_Staircase_Stone	/Game/PrimalEarth/CoreBlueprints/Items/Structures/Stone/PrimalItemStructure_StoneStairs.PrimalItemStructure_StoneStairs	EngramEntry_StoneStairs
Buildings	Walls	Stone	/Game/Mods/StructuresPlusMod/Structures/Walls/Stone/PrimalItemStructure_Wall_Stone.PrimalItemStructure_Wall_Stone	EngramEntry_Wall_Stone	/Game/PrimalEarth/CoreBlueprints/Items/Structures/Stone/PrimalItemStructure_StoneWall.PrimalItemStructure_StoneWall	EngramEntry_StoneWall
Buildings	Doorframes	Stone	/Game/Mods/StructuresPlusMod/Structures/Doorframes/Stone/PrimalItemStructure_Doorframe_Stone.PrimalItemStructure_Doorframe_Stone	EngramEntry_Doorframe_Stone	/Game/PrimalEarth/CoreBlueprints/Items/Structures/Stone/PrimalItemStructure_StoneWallWithDoor.PrimalItemStructure_StoneWallWithDoor	EngramEntry_StoneWallWithDoor
Buildings	Window Walls	Stone	/Game/Mods/StructuresPlusMod/Structures/WindowWalls/Stone/PrimalItemStructure_WindowWall_Stone.PrimalItemStructure_WindowWall_Stone	EngramEntry_WindowWall_Stone	/Game/PrimalEarth/CoreBlueprints/Items/Structures/Stone/PrimalItemStructure_StoneWallWithWindow.PrimalItemStructure_StoneWallWithWindow	EngramEntry_StoneWallWithWindow
Buildings	Catwalks	Tek	/Game/Mods/StructuresPlusMod/Structures/Catwalks/Tek/PrimalItemStructure_Catwalk_Tek.PrimalItemStructure_Catwalk_Tek	EngramEntry_Catwalk_Tek	/Game/PrimalEarth/CoreBlueprints/Items/Structures/Tek/PrimalItemStructure_TekCatwalk.PrimalItemStructure_TekCatwalk	EngramEntry_TekCatwalk
Buildings	Hatchframes	Tek	/Game/Mods/StructuresPlusMod/Structures/HatchFrames/Tek/PrimalItemStructure_Hatchframe_Tek.PrimalItemStructure_Hatchframe_Tek	EngramEntry_Hatchframe_Tek	/Game/PrimalEarth/CoreBlueprints/Items/Structures/Tek/PrimalItemStructure_TekCeilingWithTrapdoor.PrimalItemStructure_TekCeilingWithTrapdoor	EngramEntry_TekCeilingWithTrapdoor
Buildings	Doors	Tek	/Game/Mods/StructuresPlusMod/Doors/Doors/Tek/PrimalItemStructure_Door_Tek.PrimalItemStructure_Door_Tek	EngramEntry_Door_Tek	/Game/PrimalEarth/CoreBlueprints/Items/Structures/Tek/PrimalItemStructure_TekDoor.PrimalItemStructure_TekDoor	EngramEntry_TekDoor
Buildings	Fence Foundations	Tek	/Game/Mods/StructuresPlusMod/Structures/FenceFoundations/Tek/PrimalItemStructure_FenceFoundation_Tek.PrimalItemStructure_FenceFoundation_Tek	EngramEntry_FenceFoundation_Tek	/Game/PrimalEarth/CoreBlueprints/Items/Structures/Tek/PrimalItemStructure_TekFenceFoundation.PrimalItemStructure_TekFenceFoundation	EngramEntry_TekFenceFoundation
Buildings	Foundations	Tek	/Game/Mods/StructuresPlusMod/Structures/Foundations/Square/Tek/PrimalItemStructure_Foundation_Tek.PrimalItemStructure_Foundation_Tek	EngramEntry_Foundation_Tek	/Game/PrimalEarth/CoreBlueprints/Items/Structures/Tek/PrimalItemStructure_TekFloor.PrimalItemStructure_TekFloor	EngramEntry_TekFloor
Buildings	Small Gates	Tek	/Game/Mods/StructuresPlusMod/Doors/Gates/Small/Tek/PrimalItemStructure_Gate_Tek.PrimalItemStructure_Gate_Tek	EngramEntry_Gate_Tek	/Game/PrimalEarth/CoreBlueprints/Items/Structures/Tek/PrimalItemStructure_TekGate.PrimalItemStructure_TekGate	EngramEntry_Tek_Gate
Buildings	Small Gateways	Tek	/Game/Mods/StructuresPlusMod/Structures/Gateways/Small/Tek/PrimalItemStructure_Gateway_Tek.PrimalItemStructure_Gateway_Tek	EngramEntry_Gateway_Tek	/Game/PrimalEarth/CoreBlueprints/Items/Structures/Tek/PrimalItemStructure_TekGateframe.PrimalItemStructure_TekGateframe	EngramEntry_Tek_Gategrame
Buildings	Large Gateways	Tek	/Game/Mods/StructuresPlusMod/Structures/Gateways/Large/Tek/PrimalItemStructure_LargeGateway_Tek.PrimalItemStructure_LargeGateway_Tek	EngramEntry_LargeGateway_Tek	/Game/PrimalEarth/CoreBlueprints/Items/Structures/Tek/PrimalItemStructure_TekGateframe_Large.PrimalItemStructure_TekGateframe_Large	EngramEntry_Tek_Gategrame_Large
Buildings	Ladders	Tek	/Game/Mods/StructuresPlusMod/Ladders/Tek/PrimalItemStructure_Ladder_Tek.PrimalItemStructure_Ladder_Tek	EngramEntry_Ladder_Tek	/Game/PrimalEarth/CoreBlueprints/Items/Structures/Tek/PrimalItemStructure_TekLadder.PrimalItemStructure_TekLadder	EngramEntry_TekLadder
Buildings	Small Pillars	Tek	/Game/Mods/StructuresPlusMod/Structures/Pillars/Small/Tek/PrimalItemStructure_SmallPillar_Tek.PrimalItemStructure_SmallPillar_Tek	EngramEntry_SmallPillar_Tek	/Game/PrimalEarth/CoreBlueprints/Items/Structures/Tek/PrimalItemStructure_TekPillar.PrimalItemStructure_TekPillar	EngramEntry_TekPillar
Buildings	Ramps	Tek	/Game/Mods/StructuresPlusMod/Structures/Ramps/Tek/PrimalItemStructure_Ramp_Tek.PrimalItemStructure_Ramp_Tek	EngramEntry_Ramp_Tek	/Game/PrimalEarth/CoreBlueprints/Items/Structures/Tek/PrimalItemStructure_TekRamp.PrimalItemStructure_TekRamp	EngramEntry_TekRamp
Buildings	Staircases	Tek	/Game/Mods/StructuresPlusMod/Structures/Staircases/Tek/PrimalItemStructure_Staircase_Tek.PrimalItemStructure_Staircase_Tek	EngramEntry_Staircase_Tek	/Game/PrimalEarth/CoreBlueprints/Items/Structures/Tek/PrimalItemStructure_TekStairs.PrimalItemStructure_TekStairs	EngramEntry_TekStairs
Buildings	Walls	Tek	/Game/Mods/StructuresPlusMod/Structures/Walls/Tek/PrimalItemStructure_Wall_Tek.PrimalItemStructure_Wall_Tek	EngramEntry_Wall_Tek	/Game/PrimalEarth/CoreBlueprints/Items/Structures/Tek/PrimalItemStructure_TekWall.PrimalItemStructure_TekWall	EngramEntry_TekWall
Buildings	Sloped Walls Left	Tek	/Game/Mods/StructuresPlusMod/Structures/SlopedWalls/Left/Tek/PrimalItemStructure_SlopedWall_Tek_Left.PrimalItemStructure_SlopedWall_Tek_Left	EngramEntry_SlopedWall_Tek_Left	/Game/PrimalEarth/CoreBlueprints/Items/Structures/Tek/PrimalItemStructure_TekWall_Sloped_Left.PrimalItemStructure_TekWall_Sloped_Left	EngramEntry_TekSlopedWall_Left
Buildings	Sloped Walls Right	Tek	/Game/Mods/StructuresPlusMod/Structures/SlopedWalls/Right/Tek/PrimalItemStructure_SlopedWall_Tek_Right.PrimalItemStructure_SlopedWall_Tek_Right	EngramEntry_SlopedWall_Tek_Right	/Game/PrimalEarth/CoreBlueprints/Items/Structures/Tek/PrimalItemStructure_TekWall_Sloped_Right.PrimalItemStructure_TekWall_Sloped_Right	EngramEntry_TekSlopedWall_Right
Buildings	Doorframes	Tek	/Game/Mods/StructuresPlusMod/Structures/Doorframes/Tek/PrimalItemStructure_Doorframe_Tek.PrimalItemStructure_Doorframe_Tek	EngramEntry_Doorframe_Tek	/Game/PrimalEarth/CoreBlueprints/Items/Structures/Tek/PrimalItemStructure_TekWallWithDoor.PrimalItemStructure_TekWallWithDoor	EngramEntry_TekWallWithDoor
Buildings	Spike Walls	Wood	/Game/Mods/StructuresPlusMod/Misc/SpikeWall/Wood/PrimalItemStructure_SpikeWall_Wood.PrimalItemStructure_SpikeWall_Wood	EngramEntry_SpikeWall_Wood	/Game/PrimalEarth/CoreBlueprints/Items/Structures/Wooden/PrimalItemStructure_WoodSpikeWall.PrimalItemStructure_WoodSpikeWall	EngramEntry_WoodSpikeWall
Buildings	Staircases	Wood	/Game/Mods/StructuresPlusMod/Structures/Staircases/Wood/PrimalItemStructure_Staircase_Wood.PrimalItemStructure_Staircase_Wood	EngramEntry_Staircase_Wood	/Game/PrimalEarth/CoreBlueprints/Items/Structures/Wooden/PrimalItemStructure_WoodStairs.PrimalItemStructure_WoodStairs	EngramEntry_WoodStairs
Buildings	Trapdoors	Wood	/Game/Mods/StructuresPlusMod/Doors/Trapdoors/Wood/PrimalItemStructure_Trapdoor_Wood.PrimalItemStructure_Trapdoor_Wood	EngramEntry_Trapdoor_Wood	/Game/PrimalEarth/CoreBlueprints/Items/Structures/Wooden/PrimalItemStructure_WoodTrapdoor.PrimalItemStructure_WoodTrapdoor	EngramEntry_WoodTrapdoor
Buildings	Walls	Wood	/Game/Mods/StructuresPlusMod/Structures/Walls/Wood/PrimalItemStructure_Wall_Wood.PrimalItemStructure_Wall_Wood	EngramEntry_Wall_Wood	/Game/PrimalEarth/CoreBlueprints/Items/Structures/Wooden/PrimalItemStructure_WoodWall.PrimalItemStructure_WoodWall	EngramEntry_WoodWall
Buildings	Doorframes	Wood	/Game/Mods/StructuresPlusMod/Structures/Doorframes/Wood/PrimalItemStructure_Doorframe_Wood.PrimalItemStructure_Doorframe_Wood	EngramEntry_Doorframe_Wood	/Game/PrimalEarth/CoreBlueprints/Items/Structures/Wooden/PrimalItemStructure_WoodWallWithDoor.PrimalItemStructure_WoodWallWithDoor	EngramEntry_WoodWallWithDoor
Buildings	Hatchframes	Adobe	/Game/Mods/StructuresPlusMod/Structures/HatchFrames/Adobe/PrimalItemStructure_Hatchframe_Adobe.PrimalItemStructure_Hatchframe_Adobe	EngramEntry_Hatchframe_Adobe	/Game/ScorchedEarth/Structures/Adobe/Blueprints/PrimalItemStructure_AdobeCeilingWithTrapdoor.PrimalItemStructure_AdobeCeilingWithTrapdoor	EngramEntry_AdobeCeilingWithTrapdoor
Buildings	Doors	Adobe	/Game/Mods/StructuresPlusMod/Doors/Doors/Adobe/PrimalItemStructure_Door_Adobe.PrimalItemStructure_Door_Adobe	EngramEntry_Door_Adobe	/Game/ScorchedEarth/Structures/Adobe/Blueprints/PrimalItemStructure_AdobeDoor.PrimalItemStructure_AdobeDoor	EngramEntry_AdobeDoor
Buildings	Fence Foundations	Adobe	/Game/Mods/StructuresPlusMod/Structures/FenceFoundations/Adobe/PrimalItemStructure_FenceFoundation_Adobe.PrimalItemStructure_FenceFoundation_Adobe	EngramEntry_FenceFoundation_Adobe	/Game/ScorchedEarth/Structures/Adobe/Blueprints/PrimalItemStructure_AdobeFenceFoundation.PrimalItemStructure_AdobeFenceFoundation	EngramEntry_AdobeFenceFoundation
Buildings	Foundations	Adobe	/Game/Mods/StructuresPlusMod/Structures/Foundations/Square/Adobe/PrimalItemStructure_Foundation_Adobe.PrimalItemStructure_Foundation_Adobe	EngramEntry_Foundation_Adobe	/Game/ScorchedEarth/Structures/Adobe/Blueprints/PrimalItemStructure_AdobeFloor.PrimalItemStructure_AdobeFloor	EngramEntry_AdobeFloor
Buildings	Small Gateways	Adobe	/Game/Mods/StructuresPlusMod/Structures/Gateways/Small/Adobe/PrimalItemStructure_Gateway_Adobe.PrimalItemStructure_Gateway_Adobe	EngramEntry_Gateway_Adobe	/Game/ScorchedEarth/Structures/Adobe/Blueprints/PrimalItemStructure_AdobeFrameGate.PrimalItemStructure_AdobeFrameGate	EngramEntry_AdobeGateway
Buildings	Large Gateways	Adobe	/Game/Mods/StructuresPlusMod/Structures/Gateways/Large/Adobe/PrimalItemStructure_LargeGateway_Adobe.PrimalItemStructure_LargeGateway_Adobe	EngramEntry_LargeGateway_Adobe	/Game/ScorchedEarth/Structures/Adobe/Blueprints/PrimalItemStructure_AdobeGateframe_Large.PrimalItemStructure_AdobeGateframe_Large	EngramEntry_AdobeGateway_Large
Buildings	Railings & Half Walls	Adobe	/Game/Mods/StructuresPlusMod/Structures/Railings/Adobe/PrimalItemStructure_Railing_Adobe.PrimalItemStructure_Railing_Adobe	EngramEntry_Railing_Adobe	/Game/ScorchedEarth/Structures/Adobe/Blueprints/PrimalItemStructure_AdobeRailing.PrimalItemStructure_AdobeRailing	EngramEntry_AdobeRailing
Buildings	Ramps	Adobe	/Game/Mods/StructuresPlusMod/Structures/Ramps/Adobe/PrimalItemStructure_Ramp_Adobe.PrimalItemStructure_Ramp_Adobe	EngramEntry_Ramp_Adobe	/Game/ScorchedEarth/Structures/Adobe/Blueprints/PrimalItemStructure_AdobeRamp.PrimalItemStructure_AdobeRamp	EngramEntry_AdobeRamp
Buildings	Roofs	Adobe	/Game/Mods/StructuresPlusMod/Structures/Roofs/Adobe/PrimalItemStructure_Roof_Adobe.PrimalItemStructure_Roof_Adobe	EngramEntry_Roof_Adobe	/Game/ScorchedEarth/Structures/Adobe/Blueprints/PrimalItemStructure_AdobeRoof.PrimalItemStructure_AdobeRoof	EngramEntry_AdobeRoof
Buildings	Staircases	Adobe	/Game/Mods/StructuresPlusMod/Structures/Staircases/Adobe/PrimalItemStructure_Staircase_Adobe.PrimalItemStructure_Staircase_Adobe	EngramEntry_Staircase_Adobe	/Game/ScorchedEarth/Structures/Adobe/Blueprints/PrimalItemStructure_AdobeStaircase.PrimalItemStructure_AdobeStaircase	EngramEntry_AdobeStairs
Buildings	Trapdoors	Adobe	/Game/Mods/StructuresPlusMod/Doors/Trapdoors/Adobe/PrimalItemStructure_Trapdoor_Adobe.PrimalItemStructure_Trapdoor_Adobe	EngramEntry_Trapdoor_Adobe	/Game/ScorchedEarth/Structures/Adobe/Blueprints/PrimalItemStructure_AdobeTrapdoor.PrimalItemStructure_AdobeTrapdoor	EngramEntry_AdobeTrapdoor
Buildings	Walls	Adobe	/Game/Mods/StructuresPlusMod/Structures/Walls/Adobe/PrimalItemStructure_Wall_Adobe.PrimalItemStructure_Wall_Adobe	EngramEntry_Wall_Adobe	/Game/ScorchedEarth/Structures/Adobe/Blueprints/PrimalItemStructure_AdobeWall.PrimalItemStructure_AdobeWall	EngramEntry_AdobeWall
Buildings	Sloped Walls Right	Adobe	/Game/Mods/StructuresPlusMod/Structures/SlopedWalls/Right/Adobe/PrimalItemStructure_SlopedWall_Adobe_Right.PrimalItemStructure_SlopedWall_Adobe_Right	EngramEntry_SlopedWall_Adobe_Right	/Game/ScorchedEarth/Structures/Adobe/Blueprints/PrimalItemStructure_AdobeWall_Sloped_Right.PrimalItemStructure_AdobeWall_Sloped_Right	EngramEntry_AdobeSlopedWall_Right
Buildings	Doorframes	Adobe	/Game/Mods/StructuresPlusMod/Structures/Doorframes/Adobe/PrimalItemStructure_Doorframe_Adobe.PrimalItemStructure_Doorframe_Adobe	EngramEntry_Doorframe_Adobe	/Game/ScorchedEarth/Structures/Adobe/Blueprints/PrimalItemStructure_AdobeWallWithDoor.PrimalItemStructure_AdobeWallWithDoor	EngramEntry_AdobeWallWithDoor
Buildings	Window Walls	Adobe	/Game/Mods/StructuresPlusMod/Structures/WindowWalls/Adobe/PrimalItemStructure_WindowWall_Adobe.PrimalItemStructure_WindowWall_Adobe	EngramEntry_WindowWall_Adobe	/Game/ScorchedEarth/Structures/Adobe/Blueprints/PrimalItemStructure_AdobeWallWithWindow.PrimalItemStructure_AdobeWallWithWindow	EngramEntry_AdobeWallWithWindow
Elevators	Elevator Track		/Game/Mods/StructuresPlusMod/Misc/Elevators/Track/PrimalItemStructure_ElevatorTrack_Metal.PrimalItemStructure_ElevatorTrack_Metal	EngramEntry_ElevatorTrack_Metal	/Game/PrimalEarth/CoreBlueprints/Items/Structures/BuildingBases/PrimalItemStructure_ElevatorTrackBase.PrimalItemStructure_ElevatorTrackBase	EngramEntry_ElevatorTrack
Underwater	Vacuum Compartment Moonpool		/Game/Mods/StructuresPlusMod/Structures/Underwater/Underwater_Moonpool/PrimalItemStructure_Underwater_Moonpool.PrimalItemStructure_Underwater_Moonpool	EngramEntry_Underwater_Moonpool	/Game/PrimalEarth/CoreBlueprints/Items/Structures/BuildingBases/PrimalItemStructure_UnderwaterBase_Moonpool.PrimalItemStructure_UnderwaterBase_Moonpool	EngramEntry_TekUnderwaterBase_BottomEntry
Buildings	Doors	Greenhouse	/Game/Mods/StructuresPlusMod/Doors/Doors/Greenhouse/PrimalItemStructure_Door_Greenhouse.PrimalItemStructure_Door_Greenhouse	EngramEntry_Door_Greenhouse	/Game/PrimalEarth/CoreBlueprints/Items/Structures/Greenhouse/PrimalItemStructure_GreenhouseDoor.PrimalItemStructure_GreenhouseDoor	EngramEntry_GreenhouseDoor
Buildings	Sloped Walls Left	Greenhouse	/Game/Mods/StructuresPlusMod/Structures/SlopedWalls/Left/Greenhouse/PrimalItemStructure_SlopedWall_Greenhouse_Left.PrimalItemStructure_SlopedWall_Greenhouse_Left	EngramEntry_SlopedWall_Greenhouse_Left	/Game/PrimalEarth/CoreBlueprints/Items/Structures/Greenhouse/PrimalItemStructure_GreenhouseWall_Sloped_Left.PrimalItemStructure_GreenhouseWall_Sloped_Left	EngramEntry_GreenhouseSlopedWall_Left
Buildings	Doorframes	Greenhouse	/Game/Mods/StructuresPlusMod/Structures/Doorframes/Greenhouse/PrimalItemStructure_Doorframe_Greenhouse.PrimalItemStructure_Doorframe_Greenhouse	EngramEntry_Doorframe_Greenhouse	/Game/PrimalEarth/CoreBlueprints/Items/Structures/Greenhouse/PrimalItemStructure_GreenhouseWallWithDoor.PrimalItemStructure_GreenhouseWallWithDoor	EngramEntry_GreenhouseWallWithDoor
Buildings	Catwalks	Metal	/Game/Mods/StructuresPlusMod/Structures/Catwalks/Metal/PrimalItemStructure_Catwalk_Metal.PrimalItemStructure_Catwalk_Metal	EngramEntry_Catwalk_Metal	/Game/PrimalEarth/CoreBlueprints/Items/Structures/Metal/PrimalItemStructure_MetalCatwalk.PrimalItemStructure_MetalCatwalk	EngramEntry_MetalCatwalk
Buildings	Ceilings	Metal	/Game/Mods/StructuresPlusMod/Structures/Ceilings/Square/Metal/PrimalItemStructure_Ceiling_Metal.PrimalItemStructure_Ceiling_Metal	EngramEntry_Ceiling_Metal	/Game/PrimalEarth/CoreBlueprints/Items/Structures/Metal/PrimalItemStructure_MetalCeiling.PrimalItemStructure_MetalCeiling	EngramEntry_MetalCeiling
Buildings	Fence Foundations	Metal	/Game/Mods/StructuresPlusMod/Structures/FenceFoundations/Metal/PrimalItemStructure_FenceFoundation_Metal.PrimalItemStructure_FenceFoundation_Metal	EngramEntry_FenceFoundation_Metal	/Game/PrimalEarth/CoreBlueprints/Items/Structures/Metal/PrimalItemStructure_MetalFenceFoundation.PrimalItemStructure_MetalFenceFoundation	EngramEntry_MetalFenceFoundation
Buildings	Large Gates	Metal	/Game/Mods/StructuresPlusMod/Doors/Gates/Large/Metal/PrimalItemStructure_LargeGate_Metal.PrimalItemStructure_LargeGate_Metal	EngramEntry_LargeGate_Metal	/Game/PrimalEarth/CoreBlueprints/Items/Structures/Metal/PrimalItemStructure_MetalGate_Large.PrimalItemStructure_MetalGate_Large	EngramEntry_MetalGate_Large
Buildings	Small Gateways	Metal	/Game/Mods/StructuresPlusMod/Structures/Gateways/Small/Metal/PrimalItemStructure_Gateway_Metal.PrimalItemStructure_Gateway_Metal	EngramEntry_Gateway_Metal	/Game/PrimalEarth/CoreBlueprints/Items/Structures/Metal/PrimalItemStructure_MetalGateframe.PrimalItemStructure_MetalGateframe	EngramEntry_MetalGateway
Buildings	Large Gateways	Metal	/Game/Mods/StructuresPlusMod/Structures/Gateways/Large/Metal/PrimalItemStructure_LargeGateway_Metal.PrimalItemStructure_LargeGateway_Metal	EngramEntry_LargeGateway_Metal	/Game/PrimalEarth/CoreBlueprints/Items/Structures/Metal/PrimalItemStructure_MetalGateframe_Large.PrimalItemStructure_MetalGateframe_Large	EngramEntry_MetalGateway_Large
Buildings	Ladders	Metal	/Game/Mods/StructuresPlusMod/Ladders/Metal/PrimalItemStructure_Ladder_Metal.PrimalItemStructure_Ladder_Metal	EngramEntry_Ladder_Metal	/Game/PrimalEarth/CoreBlueprints/Items/Structures/Metal/PrimalItemStructure_MetalLadder.PrimalItemStructure_MetalLadder	EngramEntry_MetalLadder
Buildings	Small Pillars	Metal	/Game/Mods/StructuresPlusMod/Structures/Pillars/Small/Metal/PrimalItemStructure_SmallPillar_Metal.PrimalItemStructure_SmallPillar_Metal	EngramEntry_SmallPillar_Metal	/Game/PrimalEarth/CoreBlueprints/Items/Structures/Metal/PrimalItemStructure_MetalPillar.PrimalItemStructure_MetalPillar	EngramEntry_MetalPillar
Buildings	Railings & Half Walls	Metal	/Game/Mods/StructuresPlusMod/Structures/Railings/Metal/PrimalItemStructure_Railing_Metal.PrimalItemStructure_Railing_Metal	EngramEntry_Railing_Metal	/Game/PrimalEarth/CoreBlueprints/Items/Structures/Metal/PrimalItemStructure_MetalRailing.PrimalItemStructure_MetalRailing	EngramEntry_MetalRailing
Buildings	Ramps	Metal	/Game/Mods/StructuresPlusMod/Structures/Ramps/Metal/PrimalItemStructure_Ramp_Metal.PrimalItemStructure_Ramp_Metal	EngramEntry_Ramp_Metal	/Game/PrimalEarth/CoreBlueprints/Items/Structures/Metal/PrimalItemStructure_MetalRamp.PrimalItemStructure_MetalRamp	EngramEntry_MetalRamp
Buildings	Large Trapdoors	Metal	/Game/Mods/StructuresPlusMod/Doors/Trapdoors_L/Metal/PrimalItemStructure_LargeTrapdoor_Metal.PrimalItemStructure_LargeTrapdoor_Metal	EngramEntry_LargeTrapdoor_Metal	/Game/PrimalEarth/CoreBlueprints/Items/Structures/Metal/PrimalItemStructure_MetalTrapdoorGiant.PrimalItemStructure_MetalTrapdoorGiant	EngramEntry_MetalTrapdoorGiant
Buildings	Window Walls	Metal	/Game/Mods/StructuresPlusMod/Structures/WindowWalls/Metal/PrimalItemStructure_WindowWall_Metal.PrimalItemStructure_WindowWall_Metal	EngramEntry_WindowWall_Metal	/Game/PrimalEarth/CoreBlueprints/Items/Structures/Metal/PrimalItemStructure_MetalWallWithWindow.PrimalItemStructure_MetalWallWithWindow	EngramEntry_MetalWallWithWindow
Crafting	Smithy		/Game/Mods/StructuresPlusMod/Crafting/Smithy/PrimalItemStructure_SmithyPlus.PrimalItemStructure_SmithyPlus	EngramEntry_SmithyPlus	/Game/PrimalEarth/CoreBlueprints/Items/Structures/Misc/PrimalItemStructure_AnvilBench.PrimalItemStructure_AnvilBench	EngramEntry_AnvilBench
Misc	Simple Bed		/Game/Mods/StructuresPlusMod/Misc/Bed/PrimalItemStructure_BedPlus.PrimalItemStructure_BedPlus	EngramEntry_BedPlus	/Game/PrimalEarth/CoreBlueprints/Items/Structures/Misc/PrimalItemStructure_Bed_Simple.PrimalItemStructure_Bed_Simple	EngramEntry_SimpleBed
Crafting	Beer Barrel		/Game/Mods/StructuresPlusMod/Crafting/BeerBarrel/PrimalItemStructure_BeerBarrelPlus.PrimalItemStructure_BeerBarrelPlus	EngramEntry_BeerBarrelPlus	/Game/PrimalEarth/CoreBlueprints/Items/Structures/Misc/PrimalItemStructure_BeerBarrel.PrimalItemStructure_BeerBarrel	EngramEntry_BeerBarrel
Storage	Bookshelf		/Game/Mods/StructuresPlusMod/Misc/StorageBookshelf/PrimalItemStructure_BookshelfPlus.PrimalItemStructure_BookshelfPlus	EngramEntry_BookshelfPlus	/Game/PrimalEarth/CoreBlueprints/Items/Structures/Misc/PrimalItemStructure_Bookshelf.PrimalItemStructure_Bookshelf	EngramEntry_Bookshelf
Crafting	Campfire		/Game/Mods/StructuresPlusMod/Crafting/Campfire/PrimalItemStructure_CampfirePlus.PrimalItemStructure_CampfirePlus	EngramEntry_CampfirePlus	/Game/PrimalEarth/CoreBlueprints/Items/Structures/Misc/PrimalItemStructure_Campfire.PrimalItemStructure_Campfire	EngramEntry_Campfire
Crafting	Chemistry Bench		/Game/Mods/StructuresPlusMod/Crafting/ChemistryBench/PrimalItemStructure_ChemBenchPlus.PrimalItemStructure_ChemBenchPlus	EngramEntry_ChemBenchPlus	/Game/PrimalEarth/CoreBlueprints/Items/Structures/Misc/PrimalItemStructure_ChemBench.PrimalItemStructure_ChemBench	EngramEntry_ChemBench
Crafting	Compost Bin		/Game/Mods/StructuresPlusMod/Crafting/CompostBin/PrimalItemStructure_CompostBinPlus.PrimalItemStructure_CompostBinPlus	EngramEntry_CompostBinPlus	/Game/PrimalEarth/CoreBlueprints/Items/Structures/Misc/PrimalItemStructure_CompostBin.PrimalItemStructure_CompostBin	EngramEntry_CompostBin
Crafting	Cooking Pot		/Game/Mods/StructuresPlusMod/Crafting/CookingPot/PrimalItemStructure_CookingPotPlus.PrimalItemStructure_CookingPotPlus	EngramEntry_CookingPotPlus	/Game/PrimalEarth/CoreBlueprints/Items/Structures/Misc/PrimalItemStructure_CookingPot.PrimalItemStructure_CookingPot	EngramEntry_CookingPot
Crop Plots	Medium Crop Plot		/Game/Mods/StructuresPlusMod/CropPlots/Medium/PrimalItemStructure_CropPlotPlus_Medium.PrimalItemStructure_CropPlotPlus_Medium	EngramEntry_CropPlotPlus_Medium	/Game/PrimalEarth/CoreBlueprints/Items/Structures/Misc/PrimalItemStructure_CropPlot_Medium.PrimalItemStructure_CropPlot_Medium	EngramEntry_CropPlot_Medium
Crop Plots	Small Crop Plot		/Game/Mods/StructuresPlusMod/CropPlots/Small/PrimalItemStructure_CropPlotPlus_Small.PrimalItemStructure_CropPlotPlus_Small	EngramEntry_CropPlotPlus_Small	/Game/PrimalEarth/CoreBlueprints/Items/Structures/Misc/PrimalItemStructure_CropPlot_Small.PrimalItemStructure_CropPlot_Small	EngramEntry_CropPlot_Small
Crafting	Fabricator		/Game/Mods/StructuresPlusMod/Crafting/Fabricator/PrimalItemStructure_FabricatorPlus.PrimalItemStructure_FabricatorPlus	EngramEntry_FabricatorPlus	/Game/PrimalEarth/CoreBlueprints/Items/Structures/Misc/PrimalItemStructure_Fabricator.PrimalItemStructure_Fabricator	EngramEntry_Fabricator
Crafting	Refining Forge		/Game/Mods/StructuresPlusMod/Crafting/RefiningForge/PrimalItemStructure_ForgePlus.PrimalItemStructure_ForgePlus	EngramEntry_ForgePlus	/Game/PrimalEarth/CoreBlueprints/Items/Structures/Misc/PrimalItemStructure_Forge.PrimalItemStructure_Forge	EngramEntry_Forge
Crafting	Industrial Forge		/Game/Mods/StructuresPlusMod/Misc/IndustrialForge/PrimalItemStructure_IndustrialForgePlus.PrimalItemStructure_IndustrialForgePlus	EngramEntry_IndustrialForgePlus	/Game/PrimalEarth/CoreBlueprints/Items/Structures/Misc/PrimalItemStructure_IndustrialForge.PrimalItemStructure_IndustrialForge	EngramEntry_IndustrialForge
Crafting	Mortar and Pestle		/Game/Mods/StructuresPlusMod/Crafting/MortarPestle/PrimalItemStructure_MortarPestlePlus.PrimalItemStructure_MortarPestlePlus	EngramEntry_MortarPestlePlus	/Game/PrimalEarth/CoreBlueprints/Items/Structures/Misc/PrimalItemStructure_MortarAndPestle.PrimalItemStructure_MortarAndPestle	EngramEntry_MortarAndPestle
Misc	Standing Torch		/Game/Mods/StructuresPlusMod/Misc/TorchStanding/PrimalItemStructure_StandingTorchPlus.PrimalItemStructure_StandingTorchPlus	EngramEntry_StandingTorchPlus	/Game/PrimalEarth/CoreBlueprints/Items/Structures/Misc/PrimalItemStructure_StandingTorch.PrimalItemStructure_StandingTorch	EngramEntry_StandingTorch
Storage	Large Storage	Wood	/Game/Mods/StructuresPlusMod/Misc/StorageLarge/PrimalItemStructure_StorageLarge.PrimalItemStructure_StorageLarge	EngramEntry_StorageLarge	/Game/PrimalEarth/CoreBlueprints/Items/Structures/Misc/PrimalItemStructure_StorageBox_Large.PrimalItemStructure_StorageBox_Large	EngramEntry_StorageBox_Large
Storage	Small Storage	Wood	/Game/Mods/StructuresPlusMod/Misc/StorageSmall/PrimalItemStructure_StorageSmall.PrimalItemStructure_StorageSmall	EngramEntry_StorageSmall	/Game/PrimalEarth/CoreBlueprints/Items/Structures/Misc/PrimalItemStructure_StorageBox_Small.PrimalItemStructure_StorageBox_Small	EngramEntry_StorageBox_Small
Misc			/Game/Mods/StructuresPlusMod/Misc/Forcefield/PrimalItemStructure_TekForcefield.PrimalItemStructure_TekForcefield	EngramEntry_TekForcefield	/Game/PrimalEarth/CoreBlueprints/Items/Structures/Misc/PrimalItemStructure_TekShield.PrimalItemStructure_TekShield	EngramEntry_TekShield
Misc	Wall Torch		/Game/Mods/StructuresPlusMod/Misc/TorchWall/PrimalItemStructure_WallTorchPlus.PrimalItemStructure_WallTorchPlus	EngramEntry_WallTorchPlus	/Game/PrimalEarth/CoreBlueprints/Items/Structures/Misc/PrimalItemStructure_WallTorch.PrimalItemStructure_WallTorch	EngramEntry_WallTorch
Pipes	Incline Pipe	Metal	/Game/Mods/StructuresPlusMod/Pipes/Incline/Metal/PrimalItemStructure_PipeIncline_Metal.PrimalItemStructure_PipeIncline_Metal	EngramEntry_PipeIncline_Metal	/Game/PrimalEarth/CoreBlueprints/Items/Structures/Pipes/PrimalItemStructure_MetalPipeIncline.PrimalItemStructure_MetalPipeIncline	EngramEntry_MetalPipeIncline
Pipes	Water Intake	Metal	/Game/Mods/StructuresPlusMod/Pipes/Intake/Metal/PrimalItemStructure_PipeIntake_Metal.PrimalItemStructure_PipeIntake_Metal	EngramEntry_PipeIntake_Metal	/Game/PrimalEarth/CoreBlueprints/Items/Structures/Pipes/PrimalItemStructure_MetalPipeIntake.PrimalItemStructure_MetalPipeIntake	EngramEntry_MetalPipeIntake
Pipes	Straight Pipe	Metal	/Game/Mods/StructuresPlusMod/Pipes/Horizontal/Metal/PrimalItemStructure_PipeHorizontal_Metal.PrimalItemStructure_PipeHorizontal_Metal	EngramEntry_PipeHorizontal_Metal	/Game/PrimalEarth/CoreBlueprints/Items/Structures/Pipes/PrimalItemStructure_MetalPipeStraight.PrimalItemStructure_MetalPipeStraight	EngramEntry_MetalPipeStraight
Pipes	Vertical Pipe	Metal	/Game/Mods/StructuresPlusMod/Pipes/Vertical/Metal/PrimalItemStructure_PipeVertical_Metal.PrimalItemStructure_PipeVertical_Metal	EngramEntry_PipeVertical_Metal	/Game/PrimalEarth/CoreBlueprints/Items/Structures/Pipes/PrimalItemStructure_MetalPipeVertical.PrimalItemStructure_MetalPipeVertical	EngramEntry_MetalPipeVertical
Wires	Intersection Wire		/Game/Mods/StructuresPlusMod/Wires/Intersection/PrimalItemStructure_Wire_Intersection.PrimalItemStructure_Wire_Intersection	EngramEntry_Wire_Intersection	/Game/PrimalEarth/CoreBlueprints/Items/Structures/Pipes/PrimalItemStructure_PowerCableIntersection.PrimalItemStructure_PowerCableIntersection	EngramEntry_PowerCableIntersection
Wires	Vertical Wire		/Game/Mods/StructuresPlusMod/Wires/Vertical/PrimalItemStructure_Wire_Vertical.PrimalItemStructure_Wire_Vertical	EngramEntry_Wire_Vertical	/Game/PrimalEarth/CoreBlueprints/Items/Structures/Pipes/PrimalItemStructure_PowerCableVertical.PrimalItemStructure_PowerCableVertical	EngramEntry_PowerCableVertical
Electric	Generator		/Game/Mods/StructuresPlusMod/Misc/Generator/PrimalItemStructure_Generator.PrimalItemStructure_Generator	EngramEntry_Generator	/Game/PrimalEarth/CoreBlueprints/Items/Structures/Pipes/PrimalItemStructure_PowerGenerator.PrimalItemStructure_PowerGenerator	EngramEntry_PowerGenerator
Electric	Outlet		/Game/Mods/StructuresPlusMod/Misc/Outlet/PrimalItemStructure_ElectricalOutlet.PrimalItemStructure_ElectricalOutlet	EngramEntry_ElectricalOutlet	/Game/PrimalEarth/CoreBlueprints/Items/Structures/Pipes/PrimalItemStructure_PowerOutlet.PrimalItemStructure_PowerOutlet	EngramEntry_PowerOutlet
Pipes	Incline Pipe	Stone	/Game/Mods/StructuresPlusMod/Pipes/Incline/Stone/PrimalItemStructure_PipeIncline_Stone.PrimalItemStructure_PipeIncline_Stone	EngramEntry_PipeIncline_Stone	/Game/PrimalEarth/CoreBlueprints/Items/Structures/Pipes/PrimalItemStructure_StonePipeIncline.PrimalItemStructure_StonePipeIncline	EngramEntry_StonePipeInclined
Pipes	Water Intake	Stone	/Game/Mods/StructuresPlusMod/Pipes/Intake/Stone/PrimalItemStructure_PipeIntake_Stone.PrimalItemStructure_PipeIntake_Stone	EngramEntry_PipeIntake_Stone	/Game/PrimalEarth/CoreBlueprints/Items/Structures/Pipes/PrimalItemStructure_StonePipeIntake.PrimalItemStructure_StonePipeIntake	EngramEntry_StonePipeIntake
Pipes	Intersection Pipe	Stone	/Game/Mods/StructuresPlusMod/Pipes/Intersection/Stone/PrimalItemStructure_PipeIntersection_Stone.PrimalItemStructure_PipeIntersection_Stone	EngramEntry_PipeIntersection_Stone	/Game/PrimalEarth/CoreBlueprints/Items/Structures/Pipes/PrimalItemStructure_StonePipeIntersection.PrimalItemStructure_StonePipeIntersection	EngramEntry_StonePipeIntersection
Pipes	Straight Pipe	Stone	/Game/Mods/StructuresPlusMod/Pipes/Horizontal/Stone/PrimalItemStructure_PipeHorizontal_Stone.PrimalItemStructure_PipeHorizontal_Stone	EngramEntry_PipeHorizontal_Stone	/Game/PrimalEarth/CoreBlueprints/Items/Structures/Pipes/PrimalItemStructure_StonePipeStraight.PrimalItemStructure_StonePipeStraight	EngramEntry_StonePipeStraight
Pipes	Water Tap	Stone	/Game/Mods/StructuresPlusMod/Pipes/Tap/Stone/PrimalItemStructure_WaterTap_Stone.PrimalItemStructure_WaterTap_Stone	EngramEntry_WaterTap_Stone	/Game/PrimalEarth/CoreBlueprints/Items/Structures/Pipes/PrimalItemStructure_StonePipeTap.PrimalItemStructure_StonePipeTap	EngramEntry_StonePipeTap
Pipes	Vertical Pipe	Stone	/Game/Mods/StructuresPlusMod/Pipes/Vertical/Stone/PrimalItemStructure_PipeVertical_Stone.PrimalItemStructure_PipeVertical_Stone	EngramEntry_PipeVertical_Stone	/Game/PrimalEarth/CoreBlueprints/Items/Structures/Pipes/PrimalItemStructure_StonePipeVertical.PrimalItemStructure_StonePipeVertical	EngramEntry_StonePipeVertical
Misc	Tree Sap Tap		/Game/Mods/StructuresPlusMod/Misc/TreeSapTap/PrimalItemStructure_TreeSapTapPlus.PrimalItemStructure_TreeSapTapPlus	EngramEntry_TreeSapTapPlus	/Game/PrimalEarth/CoreBlueprints/Items/Structures/Pipes/PrimalItemStructure_TreeTap.PrimalItemStructure_TreeTap	EngramEntry_TreeSapTap
Pipes	Water Tanks	Stone	/Game/Mods/StructuresPlusMod/Misc/WaterTanks/Stone/PrimalItemStructure_WaterTank_Stone.PrimalItemStructure_WaterTank_Stone	EngramEntry_WaterTank_Stone	/Game/PrimalEarth/CoreBlueprints/Items/Structures/Pipes/PrimalItemStructure_WaterTank.PrimalItemStructure_WaterTank	EngramEntry_WaterTank
Buildings	Sloped Walls Left	Metal	/Game/Mods/StructuresPlusMod/Structures/SlopedWalls/Left/Metal/PrimalItemStructure_SlopedWall_Metal_Left.PrimalItemStructure_SlopedWall_Metal_Left	EngramEntry_SlopedWall_Metal_Left	/Game/PrimalEarth/CoreBlueprints/Items/Structures/Roofs/Metal/PrimalItemStructure_MetalWall_Sloped_Left.PrimalItemStructure_MetalWall_Sloped_Left	EngramEntry_MetalSlopedWall_Left
Buildings	Sloped Walls Right	Stone	/Game/Mods/StructuresPlusMod/Structures/SlopedWalls/Right/Stone/PrimalItemStructure_SlopedWall_Stone_Right.PrimalItemStructure_SlopedWall_Stone_Right	EngramEntry_SlopedWall_Stone_Right	/Game/PrimalEarth/CoreBlueprints/Items/Structures/Roofs/Stone/PrimalItemStructure_StoneWall_Sloped_Right.PrimalItemStructure_StoneWall_Sloped_Right	EngramEntry_StoneSlopedWall_Right
Buildings	Roofs	Thatch	/Game/Mods/StructuresPlusMod/Structures/Roofs/Thatch/PrimalItemStructure_Roof_Thatch.PrimalItemStructure_Roof_Thatch	EngramEntry_Roof_Thatch	/Game/PrimalEarth/CoreBlueprints/Items/Structures/Roofs/Thatch/PrimalItemStructure_ThatchRoof.PrimalItemStructure_ThatchRoof	EngramEntry_ThatchRoof
Buildings	Sloped Walls Left	Wood	/Game/Mods/StructuresPlusMod/Structures/SlopedWalls/Left/Wood/PrimalItemStructure_SlopedWall_Wood_Left.PrimalItemStructure_SlopedWall_Wood_Left	EngramEntry_SlopedWall_Wood_Left	/Game/PrimalEarth/CoreBlueprints/Items/Structures/Roofs/Wood/PrimalItemStructure_WoodWall_Sloped_Left.PrimalItemStructure_WoodWall_Sloped_Left	EngramEntry_WoodSlopedWall_Left
Buildings	Ceilings	Stone	/Game/Mods/StructuresPlusMod/Structures/Ceilings/Square/Stone/PrimalItemStructure_Ceiling_Stone.PrimalItemStructure_Ceiling_Stone	EngramEntry_Ceiling_Stone	/Game/PrimalEarth/CoreBlueprints/Items/Structures/Stone/PrimalItemStructure_StoneCeiling.PrimalItemStructure_StoneCeiling	EngramEntry_StoneCeiling
Buildings	Large Hatchframes	Stone	/Game/Mods/StructuresPlusMod/Structures/HatchFrames_L/Stone/PrimalItemStructure_LargeHatchframe_Stone.PrimalItemStructure_LargeHatchframe_Stone	EngramEntry_LargeHatchframe_Stone	/Game/PrimalEarth/CoreBlueprints/Items/Structures/Stone/PrimalItemStructure_StoneCeilingWithTrapdoorGiant.PrimalItemStructure_StoneCeilingWithTrapdoorGiant	EngramEntry_StoneCeilingWithTrapdoorGiant
Buildings	Doors	Stone	/Game/Mods/StructuresPlusMod/Doors/Doors/Stone/PrimalItemStructure_Door_Stone.PrimalItemStructure_Door_Stone	EngramEntry_Door_Stone	/Game/PrimalEarth/CoreBlueprints/Items/Structures/Stone/PrimalItemStructure_StoneDoor.PrimalItemStructure_StoneDoor	EngramEntry_StoneDoor
Buildings	Ceilings	Tek	/Game/Mods/StructuresPlusMod/Structures/Ceilings/Square/Tek/PrimalItemStructure_Ceiling_Tek.PrimalItemStructure_Ceiling_Tek	EngramEntry_Ceiling_Tek	/Game/PrimalEarth/CoreBlueprints/Items/Structures/Tek/PrimalItemStructure_TekCeiling.PrimalItemStructure_TekCeiling	EngramEntry_TekCeiling
Buildings	Large Gates	Tek	/Game/Mods/StructuresPlusMod/Doors/Gates/Large/Tek/PrimalItemStructure_LargeGate_Tek.PrimalItemStructure_LargeGate_Tek	EngramEntry_LargeGate_Tek	/Game/PrimalEarth/CoreBlueprints/Items/Structures/Tek/PrimalItemStructure_TekGate_Large.PrimalItemStructure_TekGate_Large	EngramEntry_Tek_Gate_Large
Buildings	Railings & Half Walls	Tek	/Game/Mods/StructuresPlusMod/Structures/Railings/Tek/PrimalItemStructure_Railing_Tek.PrimalItemStructure_Railing_Tek	EngramEntry_Railing_Tek	/Game/PrimalEarth/CoreBlueprints/Items/Structures/Tek/PrimalItemStructure_TekRailing.PrimalItemStructure_TekRailing	EngramEntry_TekRailing
Buildings	Roofs	Tek	/Game/Mods/StructuresPlusMod/Structures/Roofs/Tek/PrimalItemStructure_Roof_Tek.PrimalItemStructure_Roof_Tek	EngramEntry_Roof_Tek	/Game/PrimalEarth/CoreBlueprints/Items/Structures/Tek/PrimalItemStructure_TekRoof.PrimalItemStructure_TekRoof	EngramEntry_TekRoof
Buildings	Trapdoors	Tek	/Game/Mods/StructuresPlusMod/Doors/Trapdoors/Tek/PrimalItemStructure_Trapdoor_Tek.PrimalItemStructure_Trapdoor_Tek	EngramEntry_Trapdoor_Tek	/Game/PrimalEarth/CoreBlueprints/Items/Structures/Tek/PrimalItemStructure_TekTrapdoor.PrimalItemStructure_TekTrapdoor	EngramEntry_TekTrapdoor
Buildings	Window Walls	Tek	/Game/Mods/StructuresPlusMod/Structures/WindowWalls/Tek/PrimalItemStructure_WindowWall_Tek.PrimalItemStructure_WindowWall_Tek	EngramEntry_WindowWall_Tek	/Game/PrimalEarth/CoreBlueprints/Items/Structures/Tek/PrimalItemStructure_TekWallWithWindow.PrimalItemStructure_TekWallWithWindow	EngramEntry_TekWallWithWindow
Buildings	Windows	Tek	/Game/Mods/StructuresPlusMod/Doors/Windows/Tek/PrimalItemStructure_Window_Tek.PrimalItemStructure_Window_Tek	EngramEntry_Window_Tek	/Game/PrimalEarth/CoreBlueprints/Items/Structures/Tek/PrimalItemStructure_TekWindow.PrimalItemStructure_TekWindow	EngramEntry_TekWindow
Buildings	Ceilings	Thatch	/Game/Mods/StructuresPlusMod/Structures/Ceilings/Square/Thatch/PrimalItemStructure_Ceiling_Thatch.PrimalItemStructure_Ceiling_Thatch	EngramEntry_Ceiling_Thatch	/Game/PrimalEarth/CoreBlueprints/Items/Structures/Thatch/PrimalItemStructure_ThatchCeiling.PrimalItemStructure_ThatchCeiling	EngramEntry_ThatchCeiling
Buildings	Doors	Thatch	/Game/Mods/StructuresPlusMod/Doors/Doors/Thatch/PrimalItemStructure_Door_Thatch.PrimalItemStructure_Door_Thatch	EngramEntry_Door_Thatch	/Game/PrimalEarth/CoreBlueprints/Items/Structures/Thatch/PrimalItemStructure_ThatchDoor.PrimalItemStructure_ThatchDoor	EngramEntry_ThatchDoor
Buildings	Foundations	Thatch	/Game/Mods/StructuresPlusMod/Structures/Foundations/Square/Thatch/PrimalItemStructure_Foundation_Thatch.PrimalItemStructure_Foundation_Thatch	EngramEntry_Foundation_Thatch	/Game/PrimalEarth/CoreBlueprints/Items/Structures/Thatch/PrimalItemStructure_ThatchFloor.PrimalItemStructure_ThatchFloor	EngramEntry_ThatchFloor
Buildings	Walls	Thatch	/Game/Mods/StructuresPlusMod/Structures/Walls/Thatch/PrimalItemStructure_Wall_Thatch.PrimalItemStructure_Wall_Thatch	EngramEntry_Wall_Thatch	/Game/PrimalEarth/CoreBlueprints/Items/Structures/Thatch/PrimalItemStructure_ThatchWall.PrimalItemStructure_ThatchWall	EngramEntry_ThatchWall
Buildings	Doorframes	Thatch	/Game/Mods/StructuresPlusMod/Structures/Doorframes/Thatch/PrimalItemStructure_Doorframe_Thatch.PrimalItemStructure_Doorframe_Thatch	EngramEntry_Doorframe_Thatch	/Game/PrimalEarth/CoreBlueprints/Items/Structures/Thatch/PrimalItemStructure_ThatchWallWithDoor.PrimalItemStructure_ThatchWallWithDoor	EngramEntry_ThatchWallWithDoor
Buildings	Ladders	Rope	/Game/Mods/StructuresPlusMod/Ladders/Rope/PrimalItemStructure_Ladder_Rope.PrimalItemStructure_Ladder_Rope	EngramEntry_Ladder_Rope	/Game/PrimalEarth/CoreBlueprints/Items/Structures/Wooden/PrimalItemStructure_RopeLadder.PrimalItemStructure_RopeLadder	EngramEntry_RopeLadder
Buildings	Trapdoors	Stone	/Game/Mods/StructuresPlusMod/Doors/Trapdoors/Stone/PrimalItemStructure_Trapdoor_Stone.PrimalItemStructure_Trapdoor_Stone	EngramEntry_Trapdoor_Stone	/Game/PrimalEarth/CoreBlueprints/Items/Structures/Wooden/PrimalItemStructure_StoneTrapdoor.PrimalItemStructure_StoneTrapdoor	EngramEntry_StoneTrapdoor
Buildings	Windows	Stone	/Game/Mods/StructuresPlusMod/Doors/Windows/Stone/PrimalItemStructure_Window_Stone.PrimalItemStructure_Window_Stone	EngramEntry_Window_Stone	/Game/PrimalEarth/CoreBlueprints/Items/Structures/Wooden/PrimalItemStructure_StoneWindow.PrimalItemStructure_StoneWindow	EngramEntry_StoneWindow
Buildings	Catwalks	Wood	/Game/Mods/StructuresPlusMod/Structures/Catwalks/Wood/PrimalItemStructure_Catwalk_Wood.PrimalItemStructure_Catwalk_Wood	EngramEntry_Catwalk_Wood	/Game/PrimalEarth/CoreBlueprints/Items/Structures/Wooden/PrimalItemStructure_WoodCatwalk.PrimalItemStructure_WoodCatwalk	EngramEntry_WoodCatwalk
Buildings	Ceilings	Wood	/Game/Mods/StructuresPlusMod/Structures/Ceilings/Square/Wood/PrimalItemStructure_Ceiling_Wood.PrimalItemStructure_Ceiling_Wood	EngramEntry_Ceiling_Wood	/Game/PrimalEarth/CoreBlueprints/Items/Structures/Wooden/PrimalItemStructure_WoodCeiling.PrimalItemStructure_WoodCeiling	EngramEntry_WoodCeiling
Buildings	Hatchframes	Wood	/Game/Mods/StructuresPlusMod/Structures/HatchFrames/Wood/PrimalItemStructure_Hatchframe_Wood.PrimalItemStructure_Hatchframe_Wood	EngramEntry_Hatchframe_Wood	/Game/PrimalEarth/CoreBlueprints/Items/Structures/Wooden/PrimalItemStructure_WoodCeilingWithTrapdoor.PrimalItemStructure_WoodCeilingWithTrapdoor	EngramEntry_WoodCeilingWithTrapdoor
Buildings	Doors	Wood	/Game/Mods/StructuresPlusMod/Doors/Doors/Wood/PrimalItemStructure_Door_Wood.PrimalItemStructure_Door_Wood	EngramEntry_Door_Wood	/Game/PrimalEarth/CoreBlueprints/Items/Structures/Wooden/PrimalItemStructure_WoodDoor.PrimalItemStructure_WoodDoor	EngramEntry_WoodDoor
Buildings	Fence Foundations	Wood	/Game/Mods/StructuresPlusMod/Structures/FenceFoundations/Wood/PrimalItemStructure_FenceFoundation_Wood.PrimalItemStructure_FenceFoundation_Wood	EngramEntry_FenceFoundation_Wood	/Game/PrimalEarth/CoreBlueprints/Items/Structures/Wooden/PrimalItemStructure_WoodFenceFoundation.PrimalItemStructure_WoodFenceFoundation	EngramEntry_WoodFenceFoundation
Buildings	Foundations	Wood	/Game/Mods/StructuresPlusMod/Structures/Foundations/Square/Wood/PrimalItemStructure_Foundation_Wood.PrimalItemStructure_Foundation_Wood	EngramEntry_Foundation_Wood	/Game/PrimalEarth/CoreBlueprints/Items/Structures/Wooden/PrimalItemStructure_WoodFloor.PrimalItemStructure_WoodFloor	EngramEntry_WoodFloor
Buildings	Small Gates	Wood	/Game/Mods/StructuresPlusMod/Doors/Gates/Small/Wood/PrimalItemStructure_Gate_Wood.PrimalItemStructure_Gate_Wood	EngramEntry_Gate_Wood	/Game/PrimalEarth/CoreBlueprints/Items/Structures/Wooden/PrimalItemStructure_WoodGate.PrimalItemStructure_WoodGate	EngramEntry_WoodGate
Buildings	Small Gateways	Wood	/Game/Mods/StructuresPlusMod/Structures/Gateways/Small/Wood/PrimalItemStructure_Gateway_Wood.PrimalItemStructure_Gateway_Wood	EngramEntry_Gateway_Wood	/Game/PrimalEarth/CoreBlueprints/Items/Structures/Wooden/PrimalItemStructure_WoodGateframe.PrimalItemStructure_WoodGateframe	EngramEntry_WoodGateway
Buildings	Ladders	Wood	/Game/Mods/StructuresPlusMod/Ladders/Wood/PrimalItemStructure_Ladder_Wood.PrimalItemStructure_Ladder_Wood	EngramEntry_Ladder_Wood	/Game/PrimalEarth/CoreBlueprints/Items/Structures/Wooden/PrimalItemStructure_WoodLadder.PrimalItemStructure_WoodLadder	EngramEntry_WoodLadder
Buildings	Small Pillars	Wood	/Game/Mods/StructuresPlusMod/Structures/Pillars/Small/Wood/PrimalItemStructure_SmallPillar_Wood.PrimalItemStructure_SmallPillar_Wood	EngramEntry_SmallPillar_Wood	/Game/PrimalEarth/CoreBlueprints/Items/Structures/Wooden/PrimalItemStructure_WoodPillar.PrimalItemStructure_WoodPillar	EngramEntry_WoodPillar
Buildings	Railings & Half Walls	Wood	/Game/Mods/StructuresPlusMod/Structures/Railings/Wood/PrimalItemStructure_Railing_Wood.PrimalItemStructure_Railing_Wood	EngramEntry_Railing_Wood	/Game/PrimalEarth/CoreBlueprints/Items/Structures/Wooden/PrimalItemStructure_WoodRailing.PrimalItemStructure_WoodRailing	EngramEntry_WoodRailing
Buildings	Ramps	Wood	/Game/Mods/StructuresPlusMod/Structures/Ramps/Wood/PrimalItemStructure_Ramp_Wood.PrimalItemStructure_Ramp_Wood	EngramEntry_Ramp_Wood	/Game/PrimalEarth/CoreBlueprints/Items/Structures/Wooden/PrimalItemStructure_WoodRamp.PrimalItemStructure_WoodRamp	EngramEntry_WoodRamp
Buildings	Window Walls	Wood	/Game/Mods/StructuresPlusMod/Structures/WindowWalls/Wood/PrimalItemStructure_WindowWall_Wood.PrimalItemStructure_WindowWall_Wood	EngramEntry_WindowWall_Wood	/Game/PrimalEarth/CoreBlueprints/Items/Structures/Wooden/PrimalItemStructure_WoodWallWithWindow.PrimalItemStructure_WoodWallWithWindow	EngramEntry_WoodWallWithWindow
Buildings	Windows	Wood	/Game/Mods/StructuresPlusMod/Doors/Windows/Wood/PrimalItemStructure_Window_Wood.PrimalItemStructure_Window_Wood	EngramEntry_Window_Wood	/Game/PrimalEarth/CoreBlueprints/Items/Structures/Wooden/PrimalItemStructure_WoodWindow.PrimalItemStructure_WoodWindow	EngramEntry_WoodWindow
Buildings	Ceilings	Adobe	/Game/Mods/StructuresPlusMod/Structures/Ceilings/Square/Adobe/PrimalItemStructure_Ceiling_Adobe.PrimalItemStructure_Ceiling_Adobe	EngramEntry_Ceiling_Adobe	/Game/ScorchedEarth/Structures/Adobe/Blueprints/PrimalItemStructure_AdobeCeiling.PrimalItemStructure_AdobeCeiling	EngramEntry_AdobeCeiling
Buildings	Large Trapdoors	Adobe	/Game/Mods/StructuresPlusMod/Doors/Trapdoors_L/Adobe/PrimalItemStructure_LargeTrapdoor_Adobe.PrimalItemStructure_LargeTrapdoor_Adobe	EngramEntry_LargeTrapdoor_Adobe	/Game/ScorchedEarth/Structures/Adobe/Blueprints/PrimalItemStructure_AdobeCeilingDoorGiant.PrimalItemStructure_AdobeCeilingDoorGiant	EngramEntry_AdobeCeilingDoorGiant
Buildings	Large Hatchframes	Adobe	/Game/Mods/StructuresPlusMod/Structures/HatchFrames_L/Adobe/PrimalItemStructure_LargeHatchframe_Adobe.PrimalItemStructure_LargeHatchframe_Adobe	EngramEntry_LargeHatchframe_Adobe	/Game/ScorchedEarth/Structures/Adobe/Blueprints/PrimalItemStructure_AdobeCeilingWithDoorWay_Giant.PrimalItemStructure_AdobeCeilingWithDoorWay_Giant	EngramEntry_AdobeCeilingWithDoorWay_Giant
Buildings	Small Gates	Adobe	/Game/Mods/StructuresPlusMod/Doors/Gates/Small/Adobe/PrimalItemStructure_Gate_Adobe.PrimalItemStructure_Gate_Adobe	EngramEntry_Gate_Adobe	/Game/ScorchedEarth/Structures/Adobe/Blueprints/PrimalItemStructure_AdobeGateDoor.PrimalItemStructure_AdobeGateDoor	EngramEntry_AdobeGate
Buildings	Large Gates	Adobe	/Game/Mods/StructuresPlusMod/Doors/Gates/Large/Adobe/PrimalItemStructure_LargeGate_Adobe.PrimalItemStructure_LargeGate_Adobe	EngramEntry_LargeGate_Adobe	/Game/ScorchedEarth/Structures/Adobe/Blueprints/PrimalItemStructure_AdobeGateDoor_Large.PrimalItemStructure_AdobeGateDoor_Large	EngramEntry_AdobeGate_Large
Buildings	Ladders	Adobe	/Game/Mods/StructuresPlusMod/Ladders/Adobe/PrimalItemStructure_Ladder_Adobe.PrimalItemStructure_Ladder_Adobe	EngramEntry_Ladder_Adobe	/Game/ScorchedEarth/Structures/Adobe/Blueprints/PrimalItemStructure_AdobeLader.PrimalItemStructure_AdobeLader	EngramEntry_AdobeLadder
Buildings	Small Pillars	Adobe	/Game/Mods/StructuresPlusMod/Structures/Pillars/Small/Adobe/PrimalItemStructure_SmallPillar_Adobe.PrimalItemStructure_SmallPillar_Adobe	EngramEntry_SmallPillar_Adobe	/Game/ScorchedEarth/Structures/Adobe/Blueprints/PrimalItemStructure_AdobePillar.PrimalItemStructure_AdobePillar	EngramEntry_AdobePillar
Buildings	Sloped Walls Left	Adobe	/Game/Mods/StructuresPlusMod/Structures/SlopedWalls/Left/Adobe/PrimalItemStructure_SlopedWall_Adobe_Left.PrimalItemStructure_SlopedWall_Adobe_Left	EngramEntry_SlopedWall_Adobe_Left	/Game/ScorchedEarth/Structures/Adobe/Blueprints/PrimalItemStructure_AdobeWall_Sloped_Left.PrimalItemStructure_AdobeWall_Sloped_Left	EngramEntry_AdobeSlopedWall_Left
Buildings	Windows	Adobe	/Game/Mods/StructuresPlusMod/Doors/Windows/Adobe/PrimalItemStructure_Window_Adobe.PrimalItemStructure_Window_Adobe	EngramEntry_Window_Adobe	/Game/ScorchedEarth/Structures/Adobe/Blueprints/PrimalItemStructure_AdobeWindow.PrimalItemStructure_AdobeWindow	EngramEntry_AdobeWindow
Storage	Vessel		/Game/Mods/StructuresPlusMod/Misc/Vessel/PrimalItemStructure_VesselPlus.PrimalItemStructure_VesselPlus	EngramEntry_VesselPlus	/Game/ScorchedEarth/Structures/DesertFurnitureSet/Vessel/PrimalItemStructure_Vessel.PrimalItemStructure_Vessel	EngramEntry_Vessel
Electric	Wind Turbine		/Game/Mods/StructuresPlusMod/Misc/GeneratorWind/PrimalItemStructure_WindTurbinePlus.PrimalItemStructure_WindTurbinePlus	EngramEntry_WindTurbinePlus	/Game/ScorchedEarth/Structures/WindTurbine/PrimalItemStructure_WindTurbine.PrimalItemStructure_WindTurbine	EngramEntry_WindTurbine
Buildings	Behemoth Hatchframes	Adobe	/Game/Mods/StructuresPlusMod/Structures/Hatchframes_XL/Adobe/PrimalItemStructure_XLHatchframe_Adobe.PrimalItemStructure_XLHatchframe_Adobe	EngramEntry_XLHatchframe_Adobe	NONE	NONE
Buildings	Behemoth Hatchframes	Metal	/Game/Mods/StructuresPlusMod/Structures/Hatchframes_XL/Metal/PrimalItemStructure_XLHatchframe_Metal.PrimalItemStructure_XLHatchframe_Metal	EngramEntry_XLHatchframe_Metal	NONE	NONE
Buildings	Behemoth Hatchframes	Stone	/Game/Mods/StructuresPlusMod/Structures/Hatchframes_XL/Stone/PrimalItemStructure_XLHatchframe_Stone.PrimalItemStructure_XLHatchframe_Stone	EngramEntry_XLHatchframe_Stone	NONE	NONE
Buildings	Behemoth Hatchframes	Tek	/Game/Mods/StructuresPlusMod/Structures/Hatchframes_XL/Tek/PrimalItemStructure_XLHatchframe_Tek.PrimalItemStructure_XLHatchframe_Tek	EngramEntry_XLHatchframe_Tek	NONE	NONE
Buildings	Behemoth Sloped Hatchframes	Adobe	/Game/Mods/StructuresPlusMod/Structures/Hatchframes_XL_S/Adobe/PrimalItemStructure_XLHatchframeSloped_Adobe.PrimalItemStructure_XLHatchframeSloped_Adobe	EngramEntry_XLHatchframeSloped_Adobe	NONE	NONE
Buildings	Behemoth Sloped Hatchframes	Metal	/Game/Mods/StructuresPlusMod/Structures/Hatchframes_XL_S/Metal/PrimalItemStructure_XLHatchframeSloped_Metal.PrimalItemStructure_XLHatchframeSloped_Metal	EngramEntry_XLHatchframeSloped_Metal	NONE	NONE
Buildings	Behemoth Sloped Hatchframes	Stone	/Game/Mods/StructuresPlusMod/Structures/Hatchframes_XL_S/Stone/PrimalItemStructure_XLHatchframeSloped_Stone.PrimalItemStructure_XLHatchframeSloped_Stone	EngramEntry_XLHatchframeSloped_Stone	NONE	NONE
Buildings	Behemoth Sloped Hatchframes	Tek	/Game/Mods/StructuresPlusMod/Structures/Hatchframes_XL_S/Tek/PrimalItemStructure_XLHatchframeSloped_Tek.PrimalItemStructure_XLHatchframeSloped_Tek	EngramEntry_XLHatchframeSloped_Tek	NONE	NONE
Buildings	Behemoth Trapdoors	Adobe	/Game/Mods/StructuresPlusMod/Doors/Trapdoors_XL/Adobe/PrimalItemStructure_XLTrapdoor_Adobe.PrimalItemStructure_XLTrapdoor_Adobe	EngramEntry_XLTrapdoor_Adobe	NONE	NONE
Buildings	Behemoth Trapdoors	Glass	/Game/Mods/StructuresPlusMod/Doors/Trapdoors_XL/Glass/PrimalItemStructure_XLTrapdoor_Glass.PrimalItemStructure_XLTrapdoor_Glass	EngramEntry_XLTrapdoor_Glass	NONE	NONE
Buildings	Behemoth Trapdoors	Metal	/Game/Mods/StructuresPlusMod/Doors/Trapdoors_XL/Metal/PrimalItemStructure_XLTrapdoor_Metal.PrimalItemStructure_XLTrapdoor_Metal	EngramEntry_XLTrapdoor_Metal	NONE	NONE
Buildings	Behemoth Trapdoors	Stone	/Game/Mods/StructuresPlusMod/Doors/Trapdoors_XL/Stone/PrimalItemStructure_XLTrapdoor_Stone.PrimalItemStructure_XLTrapdoor_Stone	EngramEntry_XLTrapdoor_Stone	NONE	NONE
Buildings	Behemoth Trapdoors	Tek	/Game/Mods/StructuresPlusMod/Doors/Trapdoors_XL/Tek/PrimalItemStructure_XLTrapdoor_Tek.PrimalItemStructure_XLTrapdoor_Tek	EngramEntry_XLTrapdoor_Tek	NONE	NONE
Buildings	Catwalks	Glass	/Game/Mods/StructuresPlusMod/Structures/Catwalks/Glass/PrimalItemStructure_Catwalk_Glass.PrimalItemStructure_Catwalk_Glass	EngramEntry_Catwalk_Glass	NONE	NONE
Buildings	Ceilings	Glass	/Game/Mods/StructuresPlusMod/Structures/Ceilings/Square/Glass/PrimalItemStructure_Ceiling_Glass.PrimalItemStructure_Ceiling_Glass	EngramEntry_Ceiling_Glass	NONE	NONE
Buildings	Doorframes	Glass	/Game/Mods/StructuresPlusMod/Structures/Doorframes/Glass/PrimalItemStructure_Doorframe_Glass.PrimalItemStructure_Doorframe_Glass	EngramEntry_Doorframe_Glass	NONE	NONE
Buildings	Doors	Glass	/Game/Mods/StructuresPlusMod/Doors/Doors/Glass/PrimalItemStructure_Door_Glass.PrimalItemStructure_Door_Glass	EngramEntry_Door_Glass	NONE	NONE
Buildings	Double Doorframes	Adobe	/Game/Mods/StructuresPlusMod/Structures/Doorframes_Double/Adobe/PrimalItemStructure_DoubleDoorframe_Adobe.PrimalItemStructure_DoubleDoorframe_Adobe	EngramEntry_DoubleDoorframe_Adobe	NONE	NONE
Buildings	Double Doorframes	Glass	/Game/Mods/StructuresPlusMod/Structures/Doorframes_Double/Glass/PrimalItemStructure_DoubleDoorframe_Glass.PrimalItemStructure_DoubleDoorframe_Glass	EngramEntry_DoubleDoorframe_Glass	NONE	NONE
Buildings	Double Doorframes	Greenhouse	/Game/Mods/StructuresPlusMod/Structures/Doorframes_Double/Greenhouse/PrimalItemStructure_DoubleDoorframe_Greenhouse.PrimalItemStructure_DoubleDoorframe_Greenhouse	EngramEntry_DoubleDoorframe_Greenhouse	NONE	NONE
Buildings	Double Doorframes	Metal	/Game/Mods/StructuresPlusMod/Structures/Doorframes_Double/Metal/PrimalItemStructure_DoubleDoorframe_Metal.PrimalItemStructure_DoubleDoorframe_Metal	EngramEntry_DoubleDoorframe_Metal	NONE	NONE
Buildings	Double Doorframes	Stone	/Game/Mods/StructuresPlusMod/Structures/Doorframes_Double/Stone/PrimalItemStructure_DoubleDoorframe_Stone.PrimalItemStructure_DoubleDoorframe_Stone	EngramEntry_DoubleDoorframe_Stone	NONE	NONE
Buildings	Double Doorframes	Tek	/Game/Mods/StructuresPlusMod/Structures/Doorframes_Double/Tek/PrimalItemStructure_DoubleDoorframe_Tek.PrimalItemStructure_DoubleDoorframe_Tek	EngramEntry_DoubleDoorframe_Tek	NONE	NONE
Buildings	Double Doorframes	Wood	/Game/Mods/StructuresPlusMod/Structures/Doorframes_Double/Wood/PrimalItemStructure_DoubleDoorframe_Wood.PrimalItemStructure_DoubleDoorframe_Wood	EngramEntry_DoubleDoorframe_Wood	NONE	NONE
Buildings	Double Doors	Adobe	/Game/Mods/StructuresPlusMod/Doors/Doors_Double/Adobe/PrimalItemStructure_DoubleDoor_Adobe.PrimalItemStructure_DoubleDoor_Adobe	EngramEntry_DoubleDoor_Adobe	NONE	NONE
Buildings	Double Doors	Glass	/Game/Mods/StructuresPlusMod/Doors/Doors_Double/Glass/PrimalItemStructure_DoubleDoor_Glass.PrimalItemStructure_DoubleDoor_Glass	EngramEntry_DoubleDoor_Glass	NONE	NONE
Buildings	Double Doors	Greenhouse	/Game/Mods/StructuresPlusMod/Doors/Doors_Double/Greenhouse/PrimalItemStructure_DoubleDoor_Greenhouse.PrimalItemStructure_DoubleDoor_Greenhouse	EngramEntry_DoubleDoor_Greenhouse	NONE	NONE
Buildings	Double Doors	Metal	/Game/Mods/StructuresPlusMod/Doors/Doors_Double/Metal/PrimalItemStructure_DoubleDoor_Metal.PrimalItemStructure_DoubleDoor_Metal	EngramEntry_DoubleDoor_Metal	NONE	NONE
Buildings	Double Doors	Stone	/Game/Mods/StructuresPlusMod/Doors/Doors_Double/Stone/PrimalItemStructure_DoubleDoor_Stone.PrimalItemStructure_DoubleDoor_Stone	EngramEntry_DoubleDoor_Stone	NONE	NONE
Buildings	Double Doors	Tek	/Game/Mods/StructuresPlusMod/Doors/Doors_Double/Tek/PrimalItemStructure_DoubleDoor_Tek.PrimalItemStructure_DoubleDoor_Tek	EngramEntry_DoubleDoor_Tek	NONE	NONE
Buildings	Double Doors	Wood	/Game/Mods/StructuresPlusMod/Doors/Doors_Double/Wood/PrimalItemStructure_DoubleDoor_Wood.PrimalItemStructure_DoubleDoor_Wood	EngramEntry_DoubleDoor_Wood	NONE	NONE
Buildings	Fence Supports	Adobe	/Game/Mods/StructuresPlusMod/Structures/FenceSupports/Adobe/PrimalItemStructure_FenceSupport_Adobe.PrimalItemStructure_FenceSupport_Adobe	EngramEntry_FenceSupport_Adobe	NONE	NONE
Buildings	Fence Supports	Metal	/Game/Mods/StructuresPlusMod/Structures/FenceSupports/Metal/PrimalItemStructure_FenceSupport_Metal.PrimalItemStructure_FenceSupport_Metal	EngramEntry_FenceSupport_Metal	NONE	NONE
Buildings	Fence Supports	Stone	/Game/Mods/StructuresPlusMod/Structures/FenceSupports/Stone/PrimalItemStructure_FenceSupport_Stone.PrimalItemStructure_FenceSupport_Stone	EngramEntry_FenceSupport_Stone	NONE	NONE
Buildings	Fence Supports	Tek	/Game/Mods/StructuresPlusMod/Structures/FenceSupports/Tek/PrimalItemStructure_FenceSupport_Tek.PrimalItemStructure_FenceSupport_Tek	EngramEntry_FenceSupport_Tek	NONE	NONE
Buildings	Fence Supports	Wood	/Game/Mods/StructuresPlusMod/Structures/FenceSupports/Wood/PrimalItemStructure_FenceSupport_Wood.PrimalItemStructure_FenceSupport_Wood	EngramEntry_FenceSupport_Wood	NONE	NONE
Buildings	Foundations	Glass	/Game/Mods/StructuresPlusMod/Structures/Foundations/Square/Glass/PrimalItemStructure_Foundation_Glass.PrimalItemStructure_Foundation_Glass	EngramEntry_Foundation_Glass	NONE	NONE
Buildings	Hatchframes	Glass	/Game/Mods/StructuresPlusMod/Structures/HatchFrames/Glass/PrimalItemStructure_Hatchframe_Glass.PrimalItemStructure_Hatchframe_Glass	EngramEntry_Hatchframe_Glass	NONE	NONE
Buildings	Large Gates	Glass	/Game/Mods/StructuresPlusMod/Doors/Gates/Large/Glass/PrimalItemStructure_LargeGate_Glass.PrimalItemStructure_LargeGate_Glass	EngramEntry_LargeGate_Glass	NONE	NONE
Buildings	Large Hatchframes	Tek	/Game/Mods/StructuresPlusMod/Structures/HatchFrames_L/Tek/PrimalItemStructure_LargeHatchframe_Tek.PrimalItemStructure_LargeHatchframe_Tek	EngramEntry_LargeHatchframe_Tek	NONE	NONE
Buildings	Large Pillars	Adobe	/Game/Mods/StructuresPlusMod/Structures/Pillars/Large/Adobe/PrimalItemStructure_LargePillar_Adobe.PrimalItemStructure_LargePillar_Adobe	EngramEntry_LargePillar_Adobe	NONE	NONE
Buildings	Large Pillars	Metal	/Game/Mods/StructuresPlusMod/Structures/Pillars/Large/Metal/PrimalItemStructure_LargePillar_Metal.PrimalItemStructure_LargePillar_Metal	EngramEntry_LargePillar_Metal	NONE	NONE
Buildings	Large Pillars	Stone	/Game/Mods/StructuresPlusMod/Structures/Pillars/Large/Stone/PrimalItemStructure_LargePillar_Stone.PrimalItemStructure_LargePillar_Stone	EngramEntry_LargePillar_Stone	NONE	NONE
Buildings	Large Pillars	Tek	/Game/Mods/StructuresPlusMod/Structures/Pillars/Large/Tek/PrimalItemStructure_LargePillar_Tek.PrimalItemStructure_LargePillar_Tek	EngramEntry_LargePillar_Tek	NONE	NONE
Buildings	Large Pillars	Wood	/Game/Mods/StructuresPlusMod/Structures/Pillars/Large/Wood/PrimalItemStructure_LargePillar_Wood.PrimalItemStructure_LargePillar_Wood	EngramEntry_LargePillar_Wood	NONE	NONE
Buildings	Large Sloped Hatchframe	Adobe	/Game/Mods/StructuresPlusMod/Structures/Hatchframes_L_S/Adobe/PrimalItemStructure_LargeHatchframeSloped_Adobe.PrimalItemStructure_LargeHatchframeSloped_Adobe	EngramEntry_LargeHatchframeSloped_Adobe	NONE	NONE
Buildings	Large Sloped Hatchframe	Metal	/Game/Mods/StructuresPlusMod/Structures/Hatchframes_L_S/Metal/PrimalItemStructure_LargeHatchframeSloped_Metal.PrimalItemStructure_LargeHatchframeSloped_Metal	EngramEntry_LargeHatchframeSloped_Metal	NONE	NONE
Buildings	Large Sloped Hatchframe	Stone	/Game/Mods/StructuresPlusMod/Structures/Hatchframes_L_S/Stone/PrimalItemStructure_LargeHatchframeSloped_Stone.PrimalItemStructure_LargeHatchframeSloped_Stone	EngramEntry_LargeHatchframeSloped_Stone	NONE	NONE
Buildings	Large Sloped Hatchframe	Tek	/Game/Mods/StructuresPlusMod/Structures/Hatchframes_L_S/Tek/PrimalItemStructure_LargeHatchframeSloped_Tek.PrimalItemStructure_LargeHatchframeSloped_Tek	EngramEntry_LargeHatchframeSloped_Tek	NONE	NONE
Buildings	Large Trapdoors	Glass	/Game/Mods/StructuresPlusMod/Doors/Trapdoors_L/Glass/PrimalItemStructure_LargeTrapdoor_Glass.PrimalItemStructure_LargeTrapdoor_Glass	EngramEntry_LargeTrapdoor_Glass	NONE	NONE
Buildings	Large Trapdoors	Tek	/Game/Mods/StructuresPlusMod/Doors/Trapdoors_L/Tek/PrimalItemStructure_LargeTrapdoor_Tek.PrimalItemStructure_LargeTrapdoor_Tek	EngramEntry_LargeTrapdoor_Tek	NONE	NONE
Buildings	Large Walls	Adobe	/Game/Mods/StructuresPlusMod/Structures/Walls_L/Adobe/PrimalItemStructure_LargeWall_Adobe.PrimalItemStructure_LargeWall_Adobe	EngramEntry_LargeWall_Adobe	NONE	NONE
Buildings	Large Walls	Forcefield	/Game/Mods/StructuresPlusMod/Structures/Walls_L/Forcefield/PrimalItemStructure_LargeWall_Forcefield.PrimalItemStructure_LargeWall_Forcefield	EngramEntry_LargeWall_Forcefield	NONE	NONE
Buildings	Large Walls	Glass	/Game/Mods/StructuresPlusMod/Structures/Walls_L/Glass/PrimalItemStructure_LargeWall_Glass.PrimalItemStructure_LargeWall_Glass	EngramEntry_LargeWall_Glass	NONE	NONE
Buildings	Large Walls	Metal	/Game/Mods/StructuresPlusMod/Structures/Walls_L/Metal/PrimalItemStructure_LargeWall_Metal.PrimalItemStructure_LargeWall_Metal	EngramEntry_LargeWall_Metal	NONE	NONE
Buildings	Large Walls	Stone	/Game/Mods/StructuresPlusMod/Structures/Walls_L/Stone/PrimalItemStructure_LargeWall_Stone.PrimalItemStructure_LargeWall_Stone	EngramEntry_LargeWall_Stone	NONE	NONE
Buildings	Large Walls	Tek	/Game/Mods/StructuresPlusMod/Structures/Walls_L/Tek/PrimalItemStructure_LargeWall_Tek.PrimalItemStructure_LargeWall_Tek	EngramEntry_LargeWall_Tek	NONE	NONE
Buildings	Large Walls	Wood	/Game/Mods/StructuresPlusMod/Structures/Walls_L/Wood/PrimalItemStructure_LargeWall_Wood.PrimalItemStructure_LargeWall_Wood	EngramEntry_LargeWall_Wood	NONE	NONE
Buildings	Medium Pillars	Adobe	/Game/Mods/StructuresPlusMod/Structures/Pillars/Medium/Adobe/PrimalItemStructure_MediumPillar_Adobe.PrimalItemStructure_MediumPillar_Adobe	EngramEntry_MediumPillar_Adobe	NONE	NONE
Buildings	Medium Pillars	Metal	/Game/Mods/StructuresPlusMod/Structures/Pillars/Medium/Metal/PrimalItemStructure_MediumPillar_Metal.PrimalItemStructure_MediumPillar_Metal	EngramEntry_MediumPillar_Metal	NONE	NONE
Buildings	Medium Pillars	Stone	/Game/Mods/StructuresPlusMod/Structures/Pillars/Medium/Stone/PrimalItemStructure_MediumPillar_Stone.PrimalItemStructure_MediumPillar_Stone	EngramEntry_MediumPillar_Stone	NONE	NONE
Buildings	Medium Pillars	Tek	/Game/Mods/StructuresPlusMod/Structures/Pillars/Medium/Tek/PrimalItemStructure_MediumPillar_Tek.PrimalItemStructure_MediumPillar_Tek	EngramEntry_MediumPillar_Tek	NONE	NONE
Buildings	Medium Pillars	Wood	/Game/Mods/StructuresPlusMod/Structures/Pillars/Medium/Wood/PrimalItemStructure_MediumPillar_Wood.PrimalItemStructure_MediumPillar_Wood	EngramEntry_MediumPillar_Wood	NONE	NONE
Buildings	Railings & Half Walls	Glass	/Game/Mods/StructuresPlusMod/Structures/Railings/Glass/PrimalItemStructure_Railing_Glass.PrimalItemStructure_Railing_Glass	EngramEntry_Railing_Glass	NONE	NONE
Buildings	Ramps	Glass	/Game/Mods/StructuresPlusMod/Structures/Ramps/Glass/PrimalItemStructure_Ramp_Glass.PrimalItemStructure_Ramp_Glass	EngramEntry_Ramp_Glass	NONE	NONE
Buildings	Ramps	Stone	/Game/Mods/StructuresPlusMod/Structures/Ramps/Stone/PrimalItemStructure_Ramp_Stone.PrimalItemStructure_Ramp_Stone	EngramEntry_Ramp_Stone	NONE	NONE
Buildings	Roofs	Glass	/Game/Mods/StructuresPlusMod/Structures/Roofs/Glass/PrimalItemStructure_Roof_Glass.PrimalItemStructure_Roof_Glass	EngramEntry_Roof_Glass	NONE	NONE
Buildings	Sloped Walls Left	Glass	/Game/Mods/StructuresPlusMod/Structures/SlopedWalls/Left/Glass/PrimalItemStructure_SlopedWall_Glass_Left.PrimalItemStructure_SlopedWall_Glass_Left	EngramEntry_SlopedWall_Glass_Left	NONE	NONE
Buildings	Sloped Walls Right	Glass	/Game/Mods/StructuresPlusMod/Structures/SlopedWalls/Right/Glass/PrimalItemStructure_SlopedWall_Glass_Right.PrimalItemStructure_SlopedWall_Glass_Right	EngramEntry_SlopedWall_Glass_Right	NONE	NONE
Buildings	Small Gates	Glass	/Game/Mods/StructuresPlusMod/Doors/Gates/Small/Glass/PrimalItemStructure_Gate_Glass.PrimalItemStructure_Gate_Glass	EngramEntry_Gate_Glass	NONE	NONE
Buildings	Staircases	Glass	/Game/Mods/StructuresPlusMod/Structures/Staircases/Glass/PrimalItemStructure_Staircase_Glass.PrimalItemStructure_Staircase_Glass	EngramEntry_Staircase_Glass	NONE	NONE
Buildings	Trapdoors	Glass	/Game/Mods/StructuresPlusMod/Doors/Trapdoors/Glass/PrimalItemStructure_Trapdoor_Glass.PrimalItemStructure_Trapdoor_Glass	EngramEntry_Trapdoor_Glass	NONE	NONE
Buildings	Triangle Ceilings	Adobe	/Game/Mods/StructuresPlusMod/Structures/Ceilings/Triangle/Adobe/PrimalItemStructure_TriCeiling_Adobe.PrimalItemStructure_TriCeiling_Adobe	EngramEntry_TriCeiling_Adobe	NONE	NONE
Buildings	Triangle Ceilings	Glass	/Game/Mods/StructuresPlusMod/Structures/Ceilings/Triangle/Glass/PrimalItemStructure_TriCeiling_Glass.PrimalItemStructure_TriCeiling_Glass	EngramEntry_TriCeiling_Glass	NONE	NONE
Buildings	Triangle Ceilings	Greenhouse	/Game/Mods/StructuresPlusMod/Structures/Ceilings/Triangle/Greenhouse/PrimalItemStructure_TriCeiling_Greenhouse.PrimalItemStructure_TriCeiling_Greenhouse	EngramEntry_TriCeiling_Greenhouse	NONE	NONE
Buildings	Triangle Ceilings	Metal	/Game/Mods/StructuresPlusMod/Structures/Ceilings/Triangle/Metal/PrimalItemStructure_TriCeiling_Metal.PrimalItemStructure_TriCeiling_Metal	EngramEntry_TriCeiling_Metal	NONE	NONE
Buildings	Triangle Ceilings	Stone	/Game/Mods/StructuresPlusMod/Structures/Ceilings/Triangle/Stone/PrimalItemStructure_TriCeiling_Stone.PrimalItemStructure_TriCeiling_Stone	EngramEntry_TriCeiling_Stone	NONE	NONE
Buildings	Triangle Ceilings	Tek	/Game/Mods/StructuresPlusMod/Structures/Ceilings/Triangle/Tek/PrimalItemStructure_TriCeiling_Tek.PrimalItemStructure_TriCeiling_Tek	EngramEntry_TriCeiling_Tek	NONE	NONE
Buildings	Triangle Ceilings	Wood	/Game/Mods/StructuresPlusMod/Structures/Ceilings/Triangle/Wood/PrimalItemStructure_TriCeiling_Wood.PrimalItemStructure_TriCeiling_Wood	EngramEntry_TriCeiling_Wood	NONE	NONE
Buildings	Triangle Foundations	Adobe	/Game/Mods/StructuresPlusMod/Structures/Foundations/Triangle/Adobe/PrimalItemStructure_TriFoundation_Adobe.PrimalItemStructure_TriFoundation_Adobe	EngramEntry_TriFoundation_Adobe	NONE	NONE
Buildings	Triangle Foundations	Glass	/Game/Mods/StructuresPlusMod/Structures/Foundations/Triangle/Glass/PrimalItemStructure_TriFoundation_Glass.PrimalItemStructure_TriFoundation_Glass	EngramEntry_TriFoundation_Glass	NONE	NONE
Buildings	Triangle Foundations	Metal	/Game/Mods/StructuresPlusMod/Structures/Foundations/Triangle/Metal/PrimalItemStructure_TriFoundation_Metal.PrimalItemStructure_TriFoundation_Metal	EngramEntry_TriFoundation_Metal	NONE	NONE
Buildings	Triangle Foundations	Stone	/Game/Mods/StructuresPlusMod/Structures/Foundations/Triangle/Stone/PrimalItemStructure_TriFoundation_Stone.PrimalItemStructure_TriFoundation_Stone	EngramEntry_TriFoundation_Stone	NONE	NONE
Buildings	Triangle Foundations	Tek	/Game/Mods/StructuresPlusMod/Structures/Foundations/Triangle/Tek/PrimalItemStructure_TriFoundation_Tek.PrimalItemStructure_TriFoundation_Tek	EngramEntry_TriFoundation_Tek	NONE	NONE
Buildings	Triangle Foundations	Wood	/Game/Mods/StructuresPlusMod/Structures/Foundations/Triangle/Wood/PrimalItemStructure_TriFoundation_Wood.PrimalItemStructure_TriFoundation_Wood	EngramEntry_TriFoundation_Wood	NONE	NONE
Buildings	Triangle Roofs	Adobe	/Game/Mods/StructuresPlusMod/Structures/Roofs_Tri/Adobe/PrimalItemStructure_TriRoof_Adobe.PrimalItemStructure_TriRoof_Adobe	EngramEntry_TriRoof_Adobe	NONE	NONE
Buildings	Triangle Roofs	Glass	/Game/Mods/StructuresPlusMod/Structures/Roofs_Tri/Glass/PrimalItemStructure_TriRoof_Glass.PrimalItemStructure_TriRoof_Glass	EngramEntry_TriRoof_Glass	NONE	NONE
Buildings	Triangle Roofs	Greenhouse	/Game/Mods/StructuresPlusMod/Structures/Roofs_Tri/Greenhouse/PrimalItemStructure_TriRoof_Greenhouse.PrimalItemStructure_TriRoof_Greenhouse	EngramEntry_TriRoof_Greenhouse	NONE	NONE
Buildings	Triangle Roofs	Metal	/Game/Mods/StructuresPlusMod/Structures/Roofs_Tri/Metal/PrimalItemStructure_TriRoof_Metal.PrimalItemStructure_TriRoof_Metal	EngramEntry_TriRoof_Metal	NONE	NONE
Buildings	Triangle Roofs	Stone	/Game/Mods/StructuresPlusMod/Structures/Roofs_Tri/Stone/PrimalItemStructure_TriRoof_Stone.PrimalItemStructure_TriRoof_Stone	EngramEntry_TriRoof_Stone	NONE	NONE
Buildings	Triangle Roofs	Tek	/Game/Mods/StructuresPlusMod/Structures/Roofs_Tri/Tek/PrimalItemStructure_TriRoof_Tek.PrimalItemStructure_TriRoof_Tek	EngramEntry_TriRoof_Tek	NONE	NONE
Buildings	Triangle Roofs	Wood	/Game/Mods/StructuresPlusMod/Structures/Roofs_Tri/Wood/PrimalItemStructure_TriRoof_Wood.PrimalItemStructure_TriRoof_Wood	EngramEntry_TriRoof_Wood	NONE	NONE
Buildings	Walls	Glass	/Game/Mods/StructuresPlusMod/Structures/Walls/Glass/PrimalItemStructure_Wall_Glass.PrimalItemStructure_Wall_Glass	EngramEntry_Wall_Glass	NONE	NONE
Buildings	Windows	Glass	/Game/Mods/StructuresPlusMod/Doors/Windows/Glass/PrimalItemStructure_Window_Glass.PrimalItemStructure_Window_Glass	EngramEntry_Window_Glass	NONE	NONE
Buildings	XL Walls	Adobe	/Game/Mods/StructuresPlusMod/Structures/Walls_XL/Adobe/PrimalItemStructure_XLWall_Adobe.PrimalItemStructure_XLWall_Adobe	EngramEntry_XLWall_Adobe	NONE	NONE
Buildings	XL Walls	Forcefield	/Game/Mods/StructuresPlusMod/Structures/Walls_XL/Forcefield/PrimalItemStructure_XLWall_Forcefield.PrimalItemStructure_XLWall_Forcefield	EngramEntry_XLWall_Forcefield	NONE	NONE
Buildings	XL Walls	Glass	/Game/Mods/StructuresPlusMod/Structures/Walls_XL/Glass/PrimalItemStructure_XLWall_Glass.PrimalItemStructure_XLWall_Glass	EngramEntry_XLWall_Glass	NONE	NONE
Buildings	XL Walls	Metal	/Game/Mods/StructuresPlusMod/Structures/Walls_XL/Metal/PrimalItemStructure_XLWall_Metal.PrimalItemStructure_XLWall_Metal	EngramEntry_XLWall_Metal	NONE	NONE
Buildings	XL Walls	Stone	/Game/Mods/StructuresPlusMod/Structures/Walls_XL/Stone/PrimalItemStructure_XLWall_Stone.PrimalItemStructure_XLWall_Stone	EngramEntry_XLWall_Stone	NONE	NONE
Buildings	XL Walls	Tek	/Game/Mods/StructuresPlusMod/Structures/Walls_XL/Tek/PrimalItemStructure_XLWall_Tek.PrimalItemStructure_XLWall_Tek	EngramEntry_XLWall_Tek	NONE	NONE
Buildings	XL Walls	Wood	/Game/Mods/StructuresPlusMod/Structures/Walls_XL/Wood/PrimalItemStructure_XLWall_Wood.PrimalItemStructure_XLWall_Wood'" 3 1 0	EngramEntry_XLWall_Wood	NONE	NONE
Internal Pipes	Floor Pipe		/Game/Mods/StructuresPlusMod/Pipes/Internal/Square/PrimalItemStructure_InternalPipe_Square.PrimalItemStructure_InternalPipe_Square	EngramEntry_InternalPipe_Square	NONE	NONE
Internal Pipes	Pillar Pipe		/Game/Mods/StructuresPlusMod/Pipes/Internal/Pillar/PrimalItemStructure_InternalPipe_Pillar.PrimalItemStructure_InternalPipe_Pillar	EngramEntry_InternalPipe_Pillar	NONE	NONE
Internal Pipes	Triangle Pipe		/Game/Mods/StructuresPlusMod/Pipes/Internal/Triangle/PrimalItemStructure_InternalPipe_Triangle.PrimalItemStructure_InternalPipe_Triangle	EngramEntry_InternalPipe_Triangle	NONE	NONE
Internal Pipes	Wall Pipe		/Game/Mods/StructuresPlusMod/Pipes/Internal/Wall/PrimalItemStructure_InternalPipe_Wall.PrimalItemStructure_InternalPipe_Wall	EngramEntry_InternalPipe_Wall	NONE	NONE
Internal Wires	Floor Wire		/Game/Mods/StructuresPlusMod/Wires/Internal/Square/PrimalItemStructure_InternalWire_Square.PrimalItemStructure_InternalWire_Square	EngramEntry_InternalWire_Square	NONE	NONE
Internal Wires	Pillar Wire		/Game/Mods/StructuresPlusMod/Wires/Internal/Pillar/PrimalItemStructure_InternalWire_Pillar.PrimalItemStructure_InternalWire_Pillar	EngramEntry_InternalWire_Pillar	NONE	NONE
Internal Wires	Triangle Wire		/Game/Mods/StructuresPlusMod/Wires/Internal/Triangle/PrimalItemStructure_InternalWire_Triangle.PrimalItemStructure_InternalWire_Triangle	EngramEntry_InternalWire_Triangle	NONE	NONE
Internal Wires	Wall Wire		/Game/Mods/StructuresPlusMod/Wires/Internal/Wall/PrimalItemStructure_InternalWire_Wall.PrimalItemStructure_InternalWire_Wall	EngramEntry_InternalWire_Wall	NONE	NONE
Misc	African Bee Hive		/Game/Mods/StructuresPlusMod/Misc/BeeHive/PrimalItemStructure_BeeHivePlus.PrimalItemStructure_BeeHivePlus	EngramEntry_BeeHivePlus	NONE	NONE
Misc	Farmer		/Game/Mods/StructuresPlusMod/Misc/Farmer/PrimalItemStructure_Farmer.PrimalItemStructure_Farmer	EngramEntry_Farmer	NONE	NONE
Crafting	S+ Crafting Station		/Game/Mods/StructuresPlusMod/Crafting/Station/PrimalItemStructure_SPlusCraftingStation.PrimalItemStructure_SPlusCraftingStation	EngramEntry_SPlusCraftingStation	NONE	NONE
Misc	Gardener		/Game/Mods/StructuresPlusMod/Misc/Gardener/PrimalItemStructure_Gardener.PrimalItemStructure_Gardener	EngramEntry_Gardener	NONE	NONE
Misc	Hatchery		/Game/Mods/StructuresPlusMod/Misc/Hatchery/PrimalItemStructure_Hatchery.PrimalItemStructure_Hatchery	EngramEntry_Hatchery	NONE	NONE
Misc	Item Collector		/Game/Mods/StructuresPlusMod/Misc/ItemCollector/PrimalItemStructure_ItemCollector.PrimalItemStructure_ItemCollector	EngramEntry_ItemCollector	NONE	NONE
Misc	Multi Lamp		/Game/Mods/StructuresPlusMod/Misc/MultiLamp/PrimalItemStructure_MultiLamp.PrimalItemStructure_MultiLamp	EngramEntry_MultiLamp	NONE	NONE
Misc	Mutator		/Game/Mods/StructuresPlusMod/Misc/GenomicsChamber/PrimalItemStructure_GenomicsChamber.PrimalItemStructure_GenomicsChamber	EngramEntry_GenomicsChamber	NONE	NONE
Misc	Sheep Herder		/Game/Mods/StructuresPlusMod/Misc/SheepHerder/PrimalItemStructure_SheepHerder.PrimalItemStructure_SheepHerder	EngramEntry_SheepHerder	NONE	NONE
Pipes	Flex Pipe	Metal	/Game/Mods/StructuresPlusMod/Pipes/Flex/Metal/PrimalItemStructure_PipeFlex_Metal.PrimalItemStructure_PipeFlex_Metal	EngramEntry_PipeFlex_Metal	NONE	NONE
Pipes	Flex Pipe	Stone	/Game/Mods/StructuresPlusMod/Pipes/Flex/Stone/PrimalItemStructure_PipeFlex_Stone.PrimalItemStructure_PipeFlex_Stone	EngramEntry_PipeFlex_Stone	NONE	NONE
Storage	Large Storage	Metal	/Game/Mods/StructuresPlusMod/Misc/StorageMetal/PrimalItemStructure_StorageMetal.PrimalItemStructure_StorageMetal	EngramEntry_StorageMetal	NONE	NONE
Underwater	Sloped Vacuum Compartment		/Game/Mods/StructuresPlusMod/Structures/Underwater/Underwater_Cube_Sloped/PrimalItemStructure_Underwater_Cube_Sloped.PrimalItemStructure_Underwater_Cube_Sloped	EngramEntry_Underwater_Cube_Sloped	NONE	NONE
Utility Guns	Demolition Gun		/Game/Mods/StructuresPlusMod/Items/RemoteDemolisher/PrimalItem_DemoGun.PrimalItem_DemoGun	EngramEntry_DemoGun	NONE	NONE
Utility Guns	Light Setter		/Game/Mods/StructuresPlusMod/Items/RemoteLightSetter/PrimalItem_LightSetter.PrimalItem_LightSetter	EngramEntry_LightSetter	NONE	NONE
Utility Guns	Model Selector		/Game/Mods/StructuresPlusMod/Items/RemoteModelSelector/PrimalItem_ModelSelector.PrimalItem_ModelSelector	EngramEntry_ModelSelector	NONE	NONE
Utility Guns	Personal Teleporter		/Game/Mods/StructuresPlusMod/Items/PersonalTeleporter/PrimalItem_PersonalTeleporter.PrimalItem_PersonalTeleporter	EngramEntry_PersonalTeleporter	NONE	NONE
Utility Guns	Resource Puller		/Game/Mods/StructuresPlusMod/Items/RemoteResourcePuller/PrimalItem_ResourcePuller.PrimalItem_ResourcePuller	EngramEntry_ResourcePuller	NONE	NONE
Utility Guns	Repair Gun		/Game/Mods/StructuresPlusMod/Items/RemoteRepairer/PrimalItem_RepairGun.PrimalItem_RepairGun	EngramEntry_RepairGun	NONE	NONE
Utility Guns	Transfer Gun		/Game/Mods/StructuresPlusMod/Items/RemoteTransferGun/PrimalItem_TransferGun.PrimalItem_TransferGun	EngramEntry_TransferGun	NONE	NONE
Utility Guns	Transparency Cycler		/Game/Mods/StructuresPlusMod/Items/RemoteTransparencyCycler/PrimalItem_TransparencyCycler.PrimalItem_TransparencyCycler	EngramEntry_TransparencyCycler	NONE	NONE
Utility Guns	Turret Configurator		/Game/Mods/StructuresPlusMod/Items/RemoteTurretTool/PrimalItem_TurretConfigurator.PrimalItem_TurretConfigurator	EngramEntry_TurretConfigurator	NONE	NONE
Utility Guns	Visibility Tool		/Game/Mods/StructuresPlusMod/Items/VisibilityTool/PrimalItem_VisibilityTool.PrimalItem_VisibilityTool	EngramEntry_VisibilityTool	NONE	NONE
Wires	Flex Wire		/Game/Mods/StructuresPlusMod/Wires/Flex/PrimalItemStructure_Wire_Flex.PrimalItemStructure_Wire_Flex	EngramEntry_Wire_Flex	NONE	NONE
Buildings	Walls	Forcefield	/Game/Mods/StructuresPlusMod/Structures/Walls/Forcefield/PrimalItemStructure_Wall_Forcefield.PrimalItemStructure_Wall_Forcefield	EngramEntry_Wall_Forcefield	UNKNOWN	UNKNOWN
Underwater			/Game/Mods/StructuresPlusMod/Doors/Doors/Underwater/PrimalItemStructure_Door_Underwater.PrimalItemStructure_Door_Underwater	EngramEntry_Door_Underwater	UNKNOWN	UNKNOWN
Underwater			/Game/Mods/StructuresPlusMod/Doors/Trapdoors/Moonpool/PrimalItemStructure_Trapdoor_Moonpool.PrimalItemStructure_Trapdoor_Moonpool	EngramEntry_Trapdoor_Moonpool	UNKNOWN	UNKNOWN